snapshot_date,expiration,dte,spot,atm_strike,atm_iv,atm_call_iv,atm_put_iv,atm_call_oi,atm_put_oi
2026-05-14,2026-05-14,0,719.79,720.0,0.037851,0.037851,,4304,365
2026-05-14,2026-05-15,1,719.79,720.0,0.157296,0.171395,0.143197,14395,2573
2026-05-14,2026-05-18,4,719.79,720.0,0.154519,0.165231,0.143807,2293,2050
2026-05-14,2026-05-19,5,719.79,720.0,0.172707,0.184212,0.161202,1121,86
2026-05-14,2026-05-20,6,719.79,720.0,0.190072,0.201241,0.178902,1130,366
2026-05-14,2026-05-21,7,719.79,720.0,0.209206,0.220711,0.197701,1400,270
2026-05-14,2026-05-22,8,719.79,720.0,0.217522,0.230934,0.20411,5517,263
2026-05-14,2026-05-29,15,719.79,720.0,0.214119,0.228066,0.200173,7599,277
2026-05-14,2026-06-05,22,719.79,720.0,0.219536,0.234352,0.20472,2062,299
2026-05-14,2026-06-12,29,719.79,720.0,0.219803,0.236656,0.20295,1095,184
2026-05-14,2026-06-18,35,719.79,720.0,0.219788,0.237114,0.202462,9720,1727
2026-05-14,2026-06-26,43,719.79,720.0,0.234444,0.234444,,317,
2026-05-14,2026-06-30,47,719.79,720.0,0.217049,0.23243,0.201668,1424,138
2026-05-14,2026-07-17,64,719.79,720.0,0.221909,0.239861,0.203957,4662,1773
2026-05-14,2026-07-31,78,719.79,720.0,0.227631,0.248299,0.206963,481,69
2026-05-14,2026-08-21,99,719.79,720.0,0.232147,0.25634,0.207955,3126,978
2026-05-14,2026-09-18,127,719.79,720.0,0.235512,0.26252,0.208504,7115,1722
2026-05-14,2026-09-30,139,719.79,720.0,0.235535,0.262008,0.209061,623,36
2026-05-14,2026-10-16,155,719.79,720.0,0.238651,0.266487,0.210816,1178,186
2026-05-14,2026-12-18,218,719.79,720.0,0.244705,0.278228,0.211182,8281,199
2026-05-14,2026-12-31,231,719.79,720.0,0.243919,0.277961,0.209877,2379,1348
2026-05-14,2027-01-15,246,719.79,720.0,0.245331,0.280372,0.210289,1731,226
2026-05-14,2027-03-19,309,719.79,720.0,0.248501,0.288207,0.208794,581,39
2026-05-14,2027-03-31,321,719.79,720.0,0.248402,0.288246,0.208557,67,275
2026-05-14,2027-06-17,399,719.79,720.0,0.251987,0.298431,0.205544,3017,120
2026-05-14,2027-09-17,491,719.79,720.0,0.253729,0.305194,0.202263,184,7
2026-05-14,2027-12-17,582,719.79,720.0,0.252348,0.305232,0.199463,393,101
2026-05-14,2028-01-21,617,719.79,720.0,0.256922,0.311328,0.202515,275,34
2026-05-14,2028-06-16,764,719.79,720.0,0.256372,0.317962,0.194783,331,11
2026-05-14,2028-12-15,946,719.79,720.0,0.258575,0.32698,0.190171,57,11
2026-05-15,2026-05-15,0,708.93,709.0,0.213753,,0.213753,3027,6954
2026-05-15,2026-05-18,3,708.93,709.0,0.143044,0.112314,0.173775,1497,1008
2026-05-15,2026-05-19,4,708.93,709.0,0.168099,0.141488,0.19471,267,288
2026-05-15,2026-05-20,5,708.93,709.0,0.198677,0.175484,0.221871,493,278
2026-05-15,2026-05-21,6,708.93,709.0,0.219322,0.199257,0.239387,100,164
2026-05-15,2026-05-22,7,708.93,709.0,0.226662,0.210762,0.242561,1727,383
2026-05-15,2026-05-26,11,708.93,709.0,0.208947,0.19703,0.220864,67,106
2026-05-15,2026-05-27,12,708.93,709.0,0.213112,0.202401,0.223824,0,13
2026-05-15,2026-05-28,13,708.93,709.0,0.217461,0.207863,0.227059,1,11
2026-05-15,2026-05-29,14,708.93,709.0,0.222222,0.214607,0.229836,175,256
2026-05-15,2026-06-05,21,708.93,709.0,0.223961,0.221413,0.226509,39,167
2026-05-15,2026-06-12,28,708.93,709.0,0.224625,0.225594,0.223656,159,113
2026-05-15,2026-06-18,34,708.93,709.0,0.225716,0.229332,0.222099,286,152
2026-05-15,2026-06-26,42,708.93,709.0,0.223686,0.226067,0.221306,12,90
2026-05-15,2026-06-30,46,708.93,709.0,0.221848,0.224617,0.219078,45,5
2026-05-15,2026-07-17,63,708.93,710.0,0.223992,0.231163,0.21682,4355,1603
2026-05-15,2026-07-31,77,708.93,709.0,0.228829,0.239342,0.218315,173,72
2026-05-15,2026-08-21,98,708.93,710.0,0.230576,0.24482,0.216332,1469,1013
2026-05-15,2026-09-18,126,708.93,710.0,0.234314,0.253303,0.215325,23852,1365
2026-05-15,2026-09-30,138,708.93,710.0,0.236549,0.257454,0.215645,369,398
2026-05-15,2026-10-16,154,708.93,710.0,0.237221,0.258537,0.215904,1255,232
2026-05-15,2026-12-18,217,708.93,710.0,0.243629,0.271293,0.215965,3484,1517
2026-05-15,2026-12-31,230,708.93,710.0,0.247234,0.27552,0.218949,1726,1526
2026-05-15,2027-01-15,245,708.93,710.0,0.243774,0.273864,0.213684,1368,216
2026-05-15,2027-03-19,308,708.93,710.0,0.251304,0.286544,0.216065,2688,588
2026-05-15,2027-03-31,320,708.93,710.0,0.249607,0.287216,0.211998,177,450
2026-05-15,2027-06-17,398,708.93,710.0,0.255829,0.296874,0.214783,2261,657
2026-05-15,2027-09-17,490,708.93,710.0,0.256164,0.301566,0.210762,435,16
2026-05-15,2027-12-17,581,708.93,710.0,0.254518,0.30685,0.202187,912,1037
2026-05-15,2028-01-21,616,708.93,710.0,0.254715,0.307708,0.201722,190,20
2026-05-15,2028-06-16,763,708.93,710.0,0.2563,0.315231,0.197369,100,60
2026-05-15,2028-12-15,945,708.93,710.0,0.258381,0.323966,0.192795,113,125
2026-05-18,2026-05-18,0,705.88,706.0,0.326911,,0.326911,1066,2704
2026-05-18,2026-05-19,1,705.88,706.0,0.159982,0.141976,0.177987,337,422
2026-05-18,2026-05-20,2,705.88,706.0,0.201516,0.191536,0.211495,157,365
2026-05-18,2026-05-21,3,705.88,706.0,0.241157,0.240486,0.241829,41,1218
2026-05-18,2026-05-22,4,705.88,706.0,0.245125,0.240547,0.249702,904,804
2026-05-18,2026-05-26,8,705.88,706.0,0.217873,0.214119,0.221626,37,153
2026-05-18,2026-05-27,9,705.88,706.0,0.216881,0.217934,0.215828,21,45
2026-05-18,2026-05-28,10,705.88,706.0,0.219475,0.22007,0.21888,31,93
2026-05-18,2026-05-29,11,705.88,706.0,0.223854,0.22657,0.221138,766,471
2026-05-18,2026-06-05,18,705.88,706.0,0.221642,0.228157,0.215126,136,319
2026-05-18,2026-06-12,25,705.88,706.0,0.219612,0.229103,0.210121,136,163
2026-05-18,2026-06-18,31,705.88,706.0,0.220993,0.234215,0.207772,302,455
2026-05-18,2026-06-26,39,705.88,706.0,0.216339,0.225578,0.2071,95,174
2026-05-18,2026-06-30,43,705.88,706.0,0.214302,0.223671,0.204933,4,59
2026-05-18,2026-07-17,60,705.88,705.0,0.21669,0.228691,0.204689,2757,1704
2026-05-18,2026-07-31,74,705.88,706.0,0.221543,0.237404,0.205681,42,89
2026-05-18,2026-08-21,95,705.88,705.0,0.224877,0.244041,0.205712,1696,920
2026-05-18,2026-09-18,123,705.88,705.0,0.230034,0.252235,0.207833,4371,2912
2026-05-18,2026-09-30,135,705.88,705.0,0.228722,0.251404,0.20604,221,33
2026-05-18,2026-10-16,151,705.88,705.0,0.231453,0.256248,0.206658,434,469
2026-05-18,2026-12-18,214,705.88,705.0,0.238155,0.269188,0.207123,1803,722
2026-05-18,2026-12-31,227,705.88,705.0,0.238358,0.269714,0.207001,1983,92
2026-05-18,2027-01-15,242,705.88,705.0,0.239376,0.272552,0.2062,1382,449
2026-05-18,2027-03-19,305,705.88,705.0,0.24617,0.280624,0.211716,466,93
2026-05-18,2027-03-31,317,705.88,705.0,0.243172,0.281257,0.205086,296,1146
2026-05-18,2027-06-17,395,705.88,705.0,0.252302,0.29634,0.208264,643,240
2026-05-18,2027-09-17,487,705.88,705.0,0.251793,0.301193,0.202393,272,168
2026-05-18,2027-12-17,578,705.88,705.0,0.254442,0.306621,0.202263,221,129
2026-05-18,2028-01-21,613,705.88,705.0,0.254045,0.307521,0.20057,64,17
2026-05-18,2028-06-16,760,705.88,705.0,0.255161,0.315223,0.195099,200,9
2026-05-18,2028-12-15,942,705.88,705.0,0.258121,0.32529,0.190953,71,8
2026-05-19,2026-05-19,0,701.53,702.0,0.025828,0.021982,0.029673,2304,2284
2026-05-19,2026-05-20,1,701.53,702.0,0.181222,0.182869,0.179574,1263,952
2026-05-19,2026-05-21,2,701.53,702.0,0.224251,0.227791,0.220711,207,729
2026-05-19,2026-05-22,3,701.53,702.0,0.230934,0.238594,0.223274,329,1414
2026-05-19,2026-05-26,7,701.53,702.0,0.191903,,0.191903,,149
2026-05-19,2026-05-27,8,701.53,702.0,0.202752,0.209328,0.196175,55,82
2026-05-19,2026-05-28,9,701.53,702.0,0.208321,0.215645,0.200997,18,126
2026-05-19,2026-05-29,10,701.53,702.0,0.214272,0.223091,0.205452,2452,953
2026-05-19,2026-06-05,17,701.53,702.0,0.21682,0.227974,0.205666,204,292
2026-05-19,2026-06-12,24,701.53,702.0,0.216545,0.229347,0.203743,96,155
2026-05-19,2026-06-18,30,701.53,702.0,0.216713,0.231209,0.202217,176,307
2026-05-19,2026-06-26,38,701.53,702.0,0.214592,0.22657,0.202614,100,106
2026-05-19,2026-06-30,42,701.53,702.0,0.212807,0.224739,0.200875,20,65
2026-05-19,2026-07-17,59,701.53,700.0,0.218132,0.233894,0.20237,7962,11233
2026-05-19,2026-07-31,73,701.53,702.0,0.220345,0.238243,0.202446,32,98
2026-05-19,2026-08-21,94,701.53,700.0,0.225151,0.246544,0.203759,3033,7949
2026-05-19,2026-09-18,122,701.53,700.0,0.229061,0.254036,0.204087,12245,28639
2026-05-19,2026-09-30,134,701.53,700.0,0.231232,0.257805,0.204659,2683,314
2026-05-19,2026-10-16,150,701.53,700.0,0.233837,0.262062,0.205612,2556,1839
2026-05-19,2026-12-18,213,701.53,700.0,0.239662,0.272575,0.206749,14402,6541
2026-05-19,2026-12-31,226,701.53,700.0,0.244984,0.278289,0.211678,1525,584
2026-05-19,2027-01-15,241,701.53,700.0,0.240253,0.276283,0.204224,8597,2525
2026-05-19,2027-03-19,304,701.53,700.0,0.24683,0.287048,0.206612,1453,2179
2026-05-19,2027-03-31,316,701.53,700.0,0.245071,0.286552,0.203591,217,39
2026-05-19,2027-06-17,394,701.53,700.0,0.251261,0.296325,0.206196,1826,603
2026-05-19,2027-09-17,486,701.53,700.0,0.250913,0.302665,0.199162,264,247
2026-05-19,2027-12-17,577,701.53,700.0,0.252704,0.308624,0.196785,1692,314
2026-05-19,2028-01-21,612,701.53,700.0,0.250408,0.304855,0.195961,4182,331
2026-05-19,2028-06-16,759,701.53,700.0,0.255514,0.319289,0.191739,421,103
2026-05-19,2028-12-15,941,701.53,700.0,0.258652,0.329238,0.188065,2097,674
2026-05-20,2026-05-20,0,713.15,713.0,0.153756,0.108407,0.199105,2801,839
2026-05-20,2026-05-21,1,713.15,713.0,0.212227,0.18348,0.240974,950,375
2026-05-20,2026-05-22,2,713.15,713.0,0.223885,0.213021,0.234749,3489,2309
2026-05-20,2026-05-26,6,713.15,713.0,0.225914,0.223488,0.22834,294,128
2026-05-20,2026-05-27,7,713.15,713.0,0.220116,0.205727,0.234505,172,58
2026-05-20,2026-05-28,8,713.15,713.0,0.228355,0.221047,0.235664,166,106
2026-05-20,2026-05-29,9,713.15,713.0,0.240837,0.242836,0.238838,349,243
2026-05-20,2026-06-05,16,713.15,713.0,0.222923,0.226143,0.219704,232,156
2026-05-20,2026-06-12,23,713.15,713.0,0.229729,0.236824,0.222634,149,141
2026-05-20,2026-06-18,29,713.15,713.0,0.220375,0.228981,0.211769,675,451
2026-05-20,2026-06-26,37,713.15,713.0,0.220925,0.230476,0.211373,73,71
2026-05-20,2026-06-30,41,713.15,713.0,0.214867,0.222862,0.206871,92,87
2026-05-20,2026-07-17,58,713.15,715.0,0.215843,0.226372,0.205315,3849,4738
2026-05-20,2026-07-31,72,713.15,713.0,0.229744,0.245033,0.214455,50,39
2026-05-20,2026-08-21,93,713.15,715.0,0.227688,0.248413,0.206963,1278,701
2026-05-20,2026-09-18,121,713.15,715.0,0.233997,0.25608,0.211914,3491,4348
2026-05-20,2026-09-30,133,713.15,715.0,0.230415,0.252006,0.208824,113,123
2026-05-20,2026-10-16,149,713.15,715.0,0.232803,0.256477,0.20913,2714,156
2026-05-20,2026-12-18,212,713.15,715.0,0.239307,0.269485,0.20913,2941,379
2026-05-20,2026-12-31,225,713.15,715.0,0.243751,0.274086,0.213417,1232,643
2026-05-20,2027-01-15,240,713.15,715.0,0.244469,0.276626,0.212311,1411,313
2026-05-20,2027-03-19,303,713.15,715.0,0.244339,0.281654,0.207024,296,135
2026-05-20,2027-03-31,315,713.15,715.0,0.247688,0.28527,0.210106,750,106
2026-05-20,2027-06-17,393,713.15,715.0,0.249937,0.291297,0.208576,2925,821
2026-05-20,2027-09-17,485,713.15,715.0,0.252731,0.300788,0.204674,103,61
2026-05-20,2027-12-17,576,713.15,715.0,0.253185,0.305846,0.200524,410,533
2026-05-20,2028-01-21,611,713.15,715.0,0.253412,0.306636,0.200188,135,709
2026-05-20,2028-06-16,758,713.15,715.0,0.25173,0.308921,0.194539,225,13
2026-05-20,2028-12-15,940,713.15,715.0,0.256895,0.323558,0.190232,59,17
2026-05-21,2026-05-21,0,714.51,715.0,0.027353,0.027353,,5076,1229
2026-05-21,2026-05-22,1,714.51,715.0,0.156289,0.168648,0.143929,14218,3098
2026-05-21,2026-05-26,5,714.51,715.0,0.148995,0.157052,0.140939,1618,440
2026-05-21,2026-05-27,6,714.51,715.0,0.17466,0.180611,0.168709,662,357
2026-05-21,2026-05-28,7,714.51,715.0,0.17405,0.184578,0.163522,770,633
2026-05-21,2026-05-29,8,714.51,715.0,0.189461,0.206429,0.172494,7021,1015
2026-05-21,2026-06-05,15,714.51,715.0,0.196297,0.207405,0.185189,3173,1536
2026-05-21,2026-06-12,22,714.51,715.0,0.20237,0.215187,0.189553,971,1392
2026-05-21,2026-06-18,28,714.51,715.0,0.205666,0.220131,0.191201,12451,7162
2026-05-21,2026-06-26,36,714.51,715.0,0.204522,0.216713,0.19233,217,271
2026-05-21,2026-06-30,40,714.51,715.0,0.202927,0.21508,0.190773,1671,828
2026-05-21,2026-07-17,57,714.51,715.0,0.211327,0.226509,0.196145,3797,4613
2026-05-21,2026-07-31,71,714.51,715.0,0.215531,0.233421,0.19764,196,183
2026-05-21,2026-08-21,92,714.51,715.0,0.219795,0.241341,0.19825,1479,957
2026-05-21,2026-09-18,120,714.51,715.0,0.224613,0.249779,0.199448,3489,3927
2026-05-21,2026-09-30,132,714.51,715.0,0.224838,0.249596,0.200081,112,122
2026-05-21,2026-10-16,148,714.51,715.0,0.22789,0.254692,0.201088,2737,161
2026-05-21,2026-12-18,211,714.51,715.0,0.23518,0.268165,0.202195,2943,412
2026-05-21,2026-12-31,224,714.51,715.0,0.234905,0.267799,0.202011,1235,651
2026-05-21,2027-01-15,239,714.51,715.0,0.235855,0.27034,0.201371,1412,295
2026-05-21,2027-03-19,302,714.51,715.0,0.239666,0.279228,0.200104,297,149
2026-05-21,2027-03-31,314,714.51,715.0,0.24099,0.281959,0.20002,749,108
2026-05-21,2027-06-17,392,714.51,715.0,0.244701,0.290061,0.199341,2924,837
2026-05-21,2027-09-17,484,714.51,715.0,0.249498,0.301807,0.19719,100,61
2026-05-21,2027-12-17,575,714.51,715.0,0.251303,0.306731,0.195874,430,533
2026-05-21,2028-01-21,610,714.51,715.0,0.252701,0.307479,0.197922,133,709
2026-05-21,2028-06-16,757,714.51,715.0,0.253546,0.31462,0.192471,226,13
2026-05-21,2028-12-15,939,714.51,715.0,0.256241,0.324142,0.18834,62,11
2026-05-22,2026-05-22,0,717.54,718.0,0.047312,0.033091,0.061533,5458,874
2026-05-22,2026-05-26,4,717.54,718.0,0.116983,0.121591,0.112375,504,354
2026-05-22,2026-05-27,5,717.54,718.0,0.14251,0.141,0.144021,221,106
2026-05-22,2026-05-28,6,717.54,718.0,0.164468,0.167855,0.16108,302,171
2026-05-22,2026-05-29,7,717.54,718.0,0.17051,0.175912,0.165108,552,283
2026-05-22,2026-06-05,14,717.54,718.0,0.193108,0.200661,0.185555,792,207
2026-05-22,2026-06-12,21,717.54,718.0,0.201714,0.212502,0.190926,219,89
2026-05-22,2026-06-18,27,717.54,718.0,0.205796,0.218498,0.193093,1337,474
2026-05-22,2026-06-26,35,717.54,718.0,0.205689,0.215386,0.195992,101,82
2026-05-22,2026-06-30,39,717.54,718.0,0.204369,0.21415,0.194588,255,58
2026-05-22,2026-07-17,56,717.54,720.0,0.208329,0.222603,0.194054,7312,3523
2026-05-22,2026-07-31,70,717.54,718.0,0.219261,0.236092,0.202431,64,45
2026-05-22,2026-08-21,91,717.54,720.0,0.218682,0.239082,0.198281,3243,2095
2026-05-22,2026-09-18,119,717.54,720.0,0.223358,0.247551,0.199166,7519,2018
2026-05-22,2026-09-30,131,717.54,720.0,0.225231,0.250389,0.200074,596,58
2026-05-22,2026-10-16,147,717.54,720.0,0.227402,0.252945,0.201859,896,281
2026-05-22,2026-12-18,210,717.54,720.0,0.235249,0.267418,0.20308,8587,5586
2026-05-22,2026-12-31,223,717.54,720.0,0.237671,0.270286,0.205056,2371,1357
2026-05-22,2027-01-15,238,717.54,720.0,0.236115,0.269943,0.202286,1826,219
2026-05-22,2027-03-19,301,717.54,720.0,0.244118,0.2872,0.201035,767,52
2026-05-22,2027-03-31,313,717.54,720.0,0.241959,0.282981,0.200936,132,281
2026-05-22,2027-06-17,391,717.54,720.0,0.24922,0.29523,0.203209,2841,154
2026-05-22,2027-09-17,483,717.54,720.0,0.25136,0.301891,0.200829,156,9
2026-05-22,2027-12-17,574,717.54,720.0,0.250378,0.306625,0.19413,390,103
2026-05-22,2028-01-21,609,717.54,720.0,0.250498,0.307315,0.19368,328,35
2026-05-22,2028-06-16,756,717.54,720.0,0.251837,0.314235,0.189438,312,9
2026-05-22,2028-12-15,938,717.54,720.0,0.254453,0.323546,0.18536,74,18
2026-05-25,2026-05-26,1,717.54,718.0,0.184945,0.192269,0.177621,504,354
2026-05-25,2026-05-27,2,717.54,718.0,0.201546,0.19941,0.203682,221,106
2026-05-25,2026-05-28,3,717.54,718.0,0.217568,0.222054,0.213082,302,171
2026-05-25,2026-05-29,4,717.54,718.0,0.215676,0.222542,0.208809,552,283
2026-05-25,2026-06-01,7,717.54,718.0,0.198571,0.208473,0.188668,88,2
2026-05-25,2026-06-02,8,717.54,718.0,0.205117,0.212105,0.198128,93,41
2026-05-25,2026-06-03,9,717.54,718.0,0.208214,0.215798,0.200631,19,9
2026-05-25,2026-06-04,10,717.54,718.0,0.211708,0.219643,0.203774,,
2026-05-25,2026-06-05,11,717.54,718.0,0.215889,0.224342,0.207436,792,207
2026-05-25,2026-06-12,18,717.54,718.0,0.217049,0.228645,0.205452,219,89
2026-05-25,2026-06-18,24,717.54,718.0,0.217789,0.231239,0.204338,1337,474
2026-05-25,2026-06-26,32,717.54,718.0,0.214836,0.224968,0.204705,101,82
2026-05-25,2026-06-30,36,717.54,718.0,0.212494,0.222664,0.202324,255,58
2026-05-25,2026-07-02,38,717.54,718.0,0.215737,0.227242,0.204232,19,0
2026-05-25,2026-07-17,53,717.54,718.0,0.21669,0.231361,0.202019,40,46
2026-05-25,2026-07-31,67,717.54,718.0,0.224045,0.241249,0.206841,64,45
2026-05-25,2026-08-21,88,717.54,720.0,0.222336,0.24308,0.201592,3243,2095
2026-05-25,2026-09-18,116,717.54,720.0,0.226204,0.250709,0.201699,7519,2018
2026-05-25,2026-09-30,128,717.54,720.0,0.227837,0.253288,0.202385,596,58
2026-05-25,2026-10-16,144,717.54,720.0,0.22974,0.255546,0.203934,896,281
2026-05-25,2026-12-18,207,717.54,720.0,0.236942,0.269348,0.204537,8587,5586
2026-05-25,2026-12-31,220,717.54,720.0,0.239281,0.272117,0.206444,2371,1357
2026-05-25,2027-01-15,235,717.54,720.0,0.23761,0.271652,0.203568,1826,219
2026-05-25,2027-03-19,298,717.54,720.0,0.245338,0.288635,0.202042,767,52
2026-05-25,2027-03-31,310,717.54,720.0,0.243122,0.284339,0.201905,132,281
2026-05-25,2027-06-17,388,717.54,720.0,0.250179,0.296371,0.203987,2841,154
2026-05-25,2027-09-17,480,717.54,720.0,0.252142,0.302833,0.201451,156,9
2026-05-25,2027-12-17,571,717.54,720.0,0.251032,0.307426,0.194638,390,103
2026-05-25,2028-01-21,606,717.54,720.0,0.251118,0.308074,0.194161,328,35
2026-05-25,2028-06-16,753,717.54,720.0,0.252336,0.314861,0.189812,312,9
2026-05-25,2028-12-15,935,717.54,720.0,0.25486,0.324065,0.185654,74,18
2026-05-26,2026-05-26,0,730.28,730.0,0.034678,,0.034678,3245,450
2026-05-26,2026-05-27,1,730.28,730.0,0.137643,0.125558,0.149728,3873,235
2026-05-26,2026-05-28,2,730.28,730.0,0.169228,0.161263,0.177193,2481,1614
2026-05-26,2026-05-29,3,730.28,730.0,0.187081,0.184273,0.189888,12832,138
2026-05-26,2026-06-01,6,730.28,730.0,0.173501,0.172494,0.174508,519,216
2026-05-26,2026-06-02,7,730.28,730.0,0.180749,0.180153,0.181344,512,4
2026-05-26,2026-06-03,8,730.28,730.0,0.187676,0.18821,0.187142,374,1
2026-05-26,2026-06-04,9,730.28,730.0,0.193505,0.194741,0.192269,347,1
2026-05-26,2026-06-05,10,730.28,730.0,0.201027,0.204476,0.197579,2070,177
2026-05-26,2026-06-12,17,730.28,730.0,0.209404,0.216713,0.202095,1561,81
2026-05-26,2026-06-18,23,730.28,730.0,0.213433,0.22358,0.203286,25158,577
2026-05-26,2026-06-26,31,730.28,730.0,0.211869,0.218331,0.205407,610,15
2026-05-26,2026-06-30,35,730.28,730.0,0.209969,0.217751,0.202187,5573,60
2026-05-26,2026-07-02,37,730.28,730.0,0.213578,0.221626,0.205529,232,41
2026-05-26,2026-07-17,52,730.28,730.0,0.216866,0.228951,0.204781,5021,464
2026-05-26,2026-07-31,66,730.28,730.0,0.22168,0.236107,0.207253,525,67
2026-05-26,2026-08-21,87,730.28,730.0,0.226616,0.24543,0.207802,2071,875
2026-05-26,2026-09-18,115,730.28,730.0,0.230698,0.253609,0.207787,3479,606
2026-05-26,2026-09-30,127,730.28,730.0,0.232666,0.256996,0.208336,672,1037
2026-05-26,2026-10-16,143,730.28,730.0,0.235771,0.261535,0.210007,1187,421
2026-05-26,2026-12-18,206,730.28,730.0,0.241489,0.272773,0.210205,11100,2484
2026-05-26,2026-12-31,219,730.28,730.0,0.243797,0.275749,0.211846,1202,3659
2026-05-26,2027-01-15,234,730.28,730.0,0.244686,0.278335,0.211037,5546,1082
2026-05-26,2027-03-19,297,730.28,730.0,0.245121,0.284538,0.205704,2357,96
2026-05-26,2027-03-31,309,730.28,730.0,0.247551,0.288139,0.206963,290,884
2026-05-26,2027-06-17,387,730.28,730.0,0.253679,0.298606,0.208752,1522,605
2026-05-26,2027-09-17,479,730.28,730.0,0.254911,0.302703,0.207119,289,35
2026-05-26,2027-12-17,570,730.28,730.0,0.255127,0.30741,0.202843,1996,843
2026-05-26,2028-01-21,605,730.28,730.0,0.254574,0.309257,0.199891,7855,53
2026-05-26,2028-06-16,752,730.28,730.0,0.256861,0.316535,0.197186,351,0
2026-05-26,2028-12-15,934,730.28,730.0,0.257475,0.326022,0.188927,1824,72
2026-05-27,2026-05-27,0,729.45,729.0,0.066294,0.115976,0.016611,2255,3111
2026-05-27,2026-05-28,1,729.45,729.0,0.138589,0.146249,0.130929,2634,697
2026-05-27,2026-05-29,2,729.45,729.0,0.166878,0.177132,0.156625,1559,1675
2026-05-27,2026-06-01,5,729.45,729.0,0.162545,0.169503,0.155587,709,297
2026-05-27,2026-06-02,6,729.45,729.0,0.172311,0.180489,0.164132,163,152
2026-05-27,2026-06-03,7,729.45,729.0,0.201607,0.201607,,193,
2026-05-27,2026-06-04,8,729.45,729.0,0.19883,0.19883,,65,
2026-05-27,2026-06-05,9,729.45,729.0,0.193413,0.201912,0.184914,1348,3414
2026-05-27,2026-06-12,16,729.45,729.0,0.205773,0.219216,0.19233,697,119
2026-05-27,2026-06-18,22,729.45,729.0,0.211296,0.22654,0.196053,765,326
2026-05-27,2026-06-26,30,729.45,729.0,0.21032,0.221901,0.198738,193,120
2026-05-27,2026-06-30,34,729.45,729.0,0.208046,0.219612,0.19648,237,29
2026-05-27,2026-07-02,36,729.45,729.0,0.228188,0.228188,,46,
2026-05-27,2026-07-17,51,729.45,729.0,0.217072,0.231651,0.202492,95,219
2026-05-27,2026-07-31,65,729.45,729.0,0.240166,0.240166,,66,
2026-05-27,2026-08-21,86,729.45,730.0,0.224556,0.245735,0.203377,2818,985
2026-05-27,2026-09-18,114,729.45,730.0,0.230236,0.255554,0.204918,3574,860
2026-05-27,2026-09-30,126,729.45,730.0,0.230236,0.255554,0.204918,767,1045
2026-05-27,2026-10-16,142,729.45,730.0,0.234005,0.260864,0.207146,1162,458
2026-05-27,2026-12-18,205,729.45,730.0,0.241939,0.275222,0.208657,11274,2552
2026-05-27,2026-12-31,218,729.45,730.0,0.242798,0.275039,0.210556,1207,3674
2026-05-27,2027-01-15,233,729.45,730.0,0.243015,0.276214,0.209816,5564,1097
2026-05-27,2027-03-19,296,729.45,730.0,0.246746,0.28704,0.206452,2364,153
2026-05-27,2027-03-31,308,729.45,730.0,0.248321,0.290557,0.206086,290,898
2026-05-27,2027-06-17,386,729.45,730.0,0.249527,0.295501,0.203553,1726,698
2026-05-27,2027-09-17,478,729.45,730.0,0.254093,0.305129,0.203057,292,37
2026-05-27,2027-12-17,569,729.45,730.0,0.256897,0.310424,0.203369,2002,847
2026-05-27,2028-01-21,604,729.45,730.0,0.256817,0.312186,0.201447,7877,53
2026-05-27,2028-06-16,751,729.45,730.0,0.257801,0.319175,0.196427,351,110
2026-05-27,2028-12-15,933,729.45,730.0,0.258587,0.327308,0.189866,1839,136
2026-05-28,2026-05-28,0,735.6,736.0,0.045053,0.045053,,3405,233
2026-05-28,2026-05-29,1,735.6,736.0,0.132577,0.154,0.111154,1291,247
2026-05-28,2026-06-01,4,735.6,736.0,0.150399,0.150399,,477,
2026-05-28,2026-06-02,5,735.6,736.0,0.150338,0.164925,0.135751,415,24
2026-05-28,2026-06-03,6,735.6,736.0,0.176095,0.176095,,96,
2026-05-28,2026-06-04,7,735.6,736.0,0.184273,0.184273,,85,
2026-05-28,2026-06-05,8,735.6,736.0,0.179375,0.195626,0.163125,2317,63
2026-05-28,2026-06-12,15,735.6,736.0,0.192559,0.209542,0.175576,416,19
2026-05-28,2026-06-18,21,735.6,736.0,0.202797,0.221718,0.183877,3863,375
2026-05-28,2026-06-26,29,735.6,736.0,0.204644,0.21946,0.189827,163,162
2026-05-28,2026-06-30,33,735.6,736.0,0.202614,0.217201,0.188027,174,16
2026-05-28,2026-07-02,35,735.6,736.0,0.225075,0.225075,,89,
2026-05-28,2026-07-17,50,735.6,736.0,0.212998,0.231239,0.194756,76,36
2026-05-28,2026-07-31,64,735.6,736.0,0.240288,0.240288,,8,
2026-05-28,2026-08-21,85,735.6,735.0,0.226112,0.249756,0.202469,1031,758
2026-05-28,2026-09-18,113,735.6,735.0,0.231194,0.258171,0.204216,4415,427
2026-05-28,2026-09-30,125,735.6,735.0,0.232857,0.259712,0.206002,288,239
2026-05-28,2026-10-16,141,735.6,735.0,0.235893,0.264702,0.207085,518,58
2026-05-28,2026-12-18,204,735.6,735.0,0.243767,0.278709,0.208824,6196,406
2026-05-28,2026-12-31,217,735.6,735.0,0.244369,0.281181,0.207558,7301,6309
2026-05-28,2027-01-15,232,735.6,735.0,0.244389,0.280815,0.207962,1440,888
2026-05-28,2027-03-19,295,735.6,735.0,0.248405,0.289932,0.206879,3780,2321
2026-05-28,2027-03-31,307,735.6,735.0,0.249328,0.28939,0.209267,794,36
2026-05-28,2027-06-17,385,735.6,735.0,0.252697,0.299476,0.205918,1490,22
2026-05-28,2027-09-17,477,735.6,735.0,0.257957,0.308898,0.207016,60,17
2026-05-28,2027-12-17,568,735.6,735.0,0.257927,0.31227,0.203583,929,132
2026-05-28,2028-01-21,603,735.6,735.0,0.256689,0.312541,0.200837,92,289
2026-05-28,2028-06-16,750,735.6,735.0,0.25902,0.320399,0.19764,182,9
2026-05-28,2028-12-15,932,735.6,735.0,0.260822,0.329192,0.192452,11,8
2026-05-29,2026-05-29,0,738.31,738.0,0.068735,0.119394,0.018076,4245,1143
2026-05-29,2026-06-01,3,738.31,738.0,0.117196,0.117196,,964,
2026-05-29,2026-06-02,4,738.31,738.0,0.137582,0.137582,,787,
2026-05-29,2026-06-03,5,738.31,738.0,0.163766,0.163766,,203,
2026-05-29,2026-06-04,6,738.31,738.0,0.165353,0.165353,,276,
2026-05-29,2026-06-05,7,738.31,738.0,0.176018,0.184945,0.167092,2889,111
2026-05-29,2026-06-12,14,738.31,738.0,0.197884,0.197884,,1344,
2026-05-29,2026-06-18,20,738.31,738.0,0.202172,0.213692,0.190651,468,212
2026-05-29,2026-06-26,28,738.31,738.0,0.21389,0.21389,,299,
2026-05-29,2026-06-30,32,738.31,738.0,0.208641,0.208641,,276,
2026-05-29,2026-07-02,34,738.31,739.0,0.214272,0.214272,,140,
2026-05-29,2026-07-17,49,738.31,738.0,0.22274,0.22274,,296,
2026-05-29,2026-07-31,63,738.31,738.0,0.235985,0.235985,,11,
2026-05-29,2026-08-21,84,738.31,740.0,0.219979,0.239418,0.200539,1633,564
2026-05-29,2026-09-18,112,738.31,740.0,0.226639,0.250389,0.202889,6954,1066
2026-05-29,2026-09-30,124,738.31,740.0,0.22887,0.253975,0.203766,158,38
2026-05-29,2026-10-16,140,738.31,740.0,0.231499,0.25708,0.205918,573,270
2026-05-29,2026-12-18,203,738.31,740.0,0.240242,0.272377,0.208107,9152,708
2026-05-29,2026-12-31,216,738.31,740.0,0.241417,0.275138,0.207695,4411,3180
2026-05-29,2027-01-15,231,738.31,740.0,0.241203,0.275077,0.207329,5013,812
2026-05-29,2027-03-19,294,738.31,740.0,0.246994,0.284843,0.209145,1307,549
2026-05-29,2027-03-31,306,738.31,740.0,0.247059,0.288497,0.20562,1959,1360
2026-05-29,2027-06-17,384,738.31,740.0,0.249639,0.295761,0.203518,2298,281
2026-05-29,2027-09-17,476,738.31,740.0,0.255794,0.305015,0.206574,163,100
2026-05-29,2027-12-17,567,738.31,740.0,0.257477,0.311294,0.203659,100,504
2026-05-29,2028-01-21,602,738.31,740.0,0.254949,0.311534,0.198365,104,137
2026-05-29,2028-06-16,749,738.31,740.0,0.256864,0.319259,0.19447,254,265
2026-05-29,2028-12-15,931,738.31,740.0,0.259073,0.327926,0.19022,25,40
2026-06-01,2026-06-01,0,742.74,743.0,0.049204,,0.049204,2185,558
2026-06-01,2026-06-02,1,742.74,743.0,0.127786,0.121164,0.134408,919,162
2026-06-01,2026-06-03,2,742.74,743.0,0.157021,0.152902,0.161141,288,29
2026-06-01,2026-06-04,3,742.74,743.0,0.171426,0.168832,0.174019,267,83
2026-06-01,2026-06-05,4,742.74,743.0,0.184609,0.185311,0.183907,1606,559
2026-06-01,2026-06-08,7,742.74,743.0,0.170815,0.172494,0.169137,132,14
2026-06-01,2026-06-09,8,742.74,743.0,0.176613,0.178963,0.174264,126,33
2026-06-01,2026-06-10,9,742.74,743.0,0.185708,0.188729,0.182686,109,36
2026-06-01,2026-06-11,10,742.74,743.0,0.18998,0.193551,0.18641,70,43
2026-06-01,2026-06-12,11,742.74,743.0,0.194924,0.200203,0.189644,243,105
2026-06-01,2026-06-18,17,742.74,743.0,0.204384,0.212868,0.1959,752,134
2026-06-01,2026-06-26,25,742.74,743.0,0.20578,0.211251,0.20031,298,206
2026-06-01,2026-06-30,29,742.74,743.0,0.2034,0.209374,0.197426,152,78
2026-06-01,2026-07-02,31,742.74,743.0,0.218346,0.218346,,9,
2026-06-01,2026-07-10,39,742.74,742.5,0.209725,0.219322,0.200127,29,3
2026-06-01,2026-07-17,46,742.74,743.0,0.213265,0.224938,0.201592,166,57
2026-06-01,2026-07-31,60,742.74,743.0,0.220329,0.235115,0.205544,37,26
2026-06-01,2026-08-21,81,742.74,745.0,0.225105,0.243492,0.206719,1587,282
2026-06-01,2026-08-31,91,742.74,743.0,0.227192,0.247024,0.20736,72,2
2026-06-01,2026-09-18,109,742.74,745.0,0.230866,0.253532,0.208199,2463,452
2026-06-01,2026-09-30,121,742.74,745.0,0.232948,0.255165,0.210732,171,7
2026-06-01,2026-10-16,137,742.74,745.0,0.237381,0.263054,0.211708,1971,522
2026-06-01,2026-12-18,200,742.74,745.0,0.244625,0.276001,0.213249,5898,295
2026-06-01,2026-12-31,213,742.74,745.0,0.244129,0.275665,0.212593,4104,760
2026-06-01,2027-01-15,228,742.74,745.0,0.245155,0.278892,0.211418,836,144
2026-06-01,2027-03-19,291,742.74,745.0,0.249779,0.288513,0.211045,1753,114
2026-06-01,2027-03-31,303,742.74,745.0,0.249504,0.288047,0.210961,1992,1
2026-06-01,2027-06-17,381,742.74,745.0,0.256977,0.299934,0.21402,2382,276
2026-06-01,2027-09-17,473,742.74,745.0,0.259039,0.307872,0.210205,2032,9
2026-06-01,2027-12-17,564,742.74,745.0,0.260618,0.313659,0.207577,233,700
2026-06-01,2028-01-21,599,742.74,745.0,0.259582,0.313747,0.205418,57,6
2026-06-01,2028-06-16,746,742.74,745.0,0.260269,0.320941,0.199597,178,1
2026-06-01,2028-12-15,928,742.74,745.0,0.26317,0.330222,0.196118,9,25
2026-06-02,2026-06-02,0,746.16,746.0,0.063364,0.063364,,4356,464
2026-06-02,2026-06-03,1,746.16,746.0,0.137033,0.156991,0.117074,527,142
2026-06-02,2026-06-04,2,746.16,746.0,0.170449,0.190438,0.15046,921,63
2026-06-02,2026-06-05,3,746.16,746.0,0.190621,0.203743,0.177498,966,166
2026-06-02,2026-06-08,6,746.16,746.0,0.168847,0.1829,0.154794,387,99
2026-06-02,2026-06-09,7,746.16,746.0,0.179055,0.194466,0.163644,478,33
2026-06-02,2026-06-10,8,746.16,746.0,0.201546,0.201546,,101,
2026-06-02,2026-06-11,9,746.16,746.0,0.206215,0.206215,,60,
2026-06-02,2026-06-12,10,746.16,746.0,0.195275,0.208412,0.182137,1061,44
2026-06-02,2026-06-18,16,746.16,746.0,0.208153,0.225258,0.191048,879,105
2026-06-02,2026-06-26,24,746.16,746.0,0.209923,0.222084,0.197762,234,63
2026-06-02,2026-06-30,28,746.16,746.0,0.209221,0.222542,0.1959,190,13
2026-06-02,2026-07-02,30,746.16,746.0,0.212731,0.226418,0.199044,22,15
2026-06-02,2026-07-10,38,746.16,747.0,0.228005,0.228005,,100,
2026-06-02,2026-07-17,45,746.16,746.0,0.217964,0.234261,0.201668,192,51
2026-06-02,2026-07-31,59,746.16,746.0,0.22535,0.243843,0.206856,69,36
2026-06-02,2026-08-21,80,746.16,745.0,0.232971,0.254783,0.211159,1614,493
2026-06-02,2026-08-31,90,746.16,746.0,0.234463,0.256203,0.212723,89,1
2026-06-02,2026-09-18,108,746.16,745.0,0.238953,0.264503,0.213402,2542,479
2026-06-02,2026-09-30,120,746.16,745.0,0.241318,0.266563,0.216072,219,11
2026-06-02,2026-10-16,136,746.16,745.0,0.24332,0.269882,0.216759,1993,543
2026-06-02,2026-12-18,199,746.16,745.0,0.250629,0.284248,0.217011,5912,314
2026-06-02,2026-12-31,212,746.16,745.0,0.251152,0.285881,0.216423,4105,763
2026-06-02,2027-01-15,227,746.16,745.0,0.253334,0.288681,0.217987,904,238
2026-06-02,2027-03-19,290,746.16,745.0,0.257557,0.298347,0.216767,1763,114
2026-06-02,2027-03-31,302,746.16,745.0,0.257664,0.29837,0.216957,1993,4
2026-06-02,2027-06-17,380,746.16,745.0,0.261764,0.310233,0.213295,2392,327
2026-06-02,2027-09-17,472,746.16,745.0,0.261705,0.30986,0.213551,2033,10
2026-06-02,2027-12-17,563,746.16,745.0,0.264335,0.319526,0.209145,233,700
2026-06-02,2028-01-21,598,746.16,745.0,0.2637,0.319419,0.207981,97,6
2026-06-02,2028-06-16,745,746.16,745.0,0.264047,0.325942,0.202153,178,1
2026-06-02,2028-12-15,927,746.16,745.0,0.266494,0.334632,0.198357,21,26
2026-06-03,2026-06-03,0,744.21,744.0,0.131784,0.063852,0.199715,3125,4066
2026-06-03,2026-06-04,1,744.21,744.0,0.159249,0.143075,0.175423,1008,645
2026-06-03,2026-06-05,2,744.21,744.0,0.193764,0.197823,0.189705,1788,1096
2026-06-03,2026-06-08,5,744.21,744.0,0.181405,0.189278,0.173531,449,1076
2026-06-03,2026-06-09,6,744.21,744.0,0.200936,0.228523,0.173348,309,457
2026-06-03,2026-06-10,7,744.21,744.0,0.211495,0.211495,,569,
2026-06-03,2026-06-11,8,744.21,744.0,0.235664,0.243172,0.228157,41,75
2026-06-03,2026-06-12,9,744.21,744.0,0.212868,0.23188,0.193856,3401,661
2026-06-03,2026-06-18,15,744.21,744.0,0.241371,0.252052,0.23069,620,377
2026-06-03,2026-06-26,23,744.21,744.0,0.23735,0.244286,0.230415,524,492
2026-06-03,2026-06-30,27,744.21,744.0,0.233376,0.240517,0.226235,274,166
2026-06-03,2026-07-02,29,744.21,744.0,0.236946,0.236946,,188,
2026-06-03,2026-07-10,37,744.21,745.0,0.232796,0.241997,0.223595,164,129
2026-06-03,2026-07-17,44,744.21,744.0,0.237328,0.249519,0.225136,313,162
2026-06-03,2026-07-31,58,744.21,744.0,0.242409,0.257667,0.22715,121,155
2026-06-03,2026-08-21,79,744.21,745.0,0.242668,0.258201,0.227135,1635,971
2026-06-03,2026-08-31,89,744.21,744.0,0.267051,0.267051,,34,
2026-06-03,2026-09-18,107,744.21,745.0,0.250336,0.273002,0.227669,2608,7328
2026-06-03,2026-09-30,119,744.21,745.0,0.249737,0.272239,0.227234,251,17
2026-06-03,2026-10-16,135,744.21,745.0,0.251625,0.275474,0.227776,2005,517
2026-06-03,2026-12-18,198,744.21,745.0,0.256862,0.291786,0.221939,6492,338
2026-06-03,2026-12-31,211,744.21,745.0,0.256695,0.289489,0.2239,4113,777
2026-06-03,2027-01-15,226,744.21,745.0,0.259098,0.29251,0.225685,914,322
2026-06-03,2027-03-19,289,744.21,745.0,0.260635,0.299232,0.222038,1764,119
2026-06-03,2027-03-31,301,744.21,745.0,0.260643,0.298339,0.222946,1989,10
2026-06-03,2027-06-17,379,744.21,745.0,0.264826,0.309303,0.220349,2694,355
2026-06-03,2027-09-17,471,744.21,745.0,0.263828,0.312026,0.21563,2034,10
2026-06-03,2027-12-17,562,744.21,745.0,0.264265,0.317405,0.211125,226,700
2026-06-03,2028-01-21,597,744.21,745.0,0.263101,0.317359,0.208844,97,6
2026-06-03,2028-06-16,744,744.21,745.0,0.265171,0.326537,0.203804,181,5
2026-06-03,2028-12-15,926,744.21,745.0,0.267528,0.335204,0.199852,47,27
2026-06-04,2026-06-04,0,740.61,741.0,0.302741,,0.302741,1424,17103
2026-06-04,2026-06-05,1,740.61,741.0,0.141732,0.125253,0.158212,2161,2901
2026-06-04,2026-06-08,4,740.61,741.0,0.150979,0.152413,0.149545,817,437
2026-06-04,2026-06-09,5,740.61,741.0,0.156319,0.152596,0.160043,438,493
2026-06-04,2026-06-10,6,740.61,741.0,0.170632,0.16816,0.173104,280,243
2026-06-04,2026-06-11,7,740.61,741.0,0.188637,0.187691,0.189583,50,165
2026-06-04,2026-06-12,8,740.61,741.0,0.181954,0.178902,0.185006,2026,275
2026-06-04,2026-06-18,14,740.61,741.0,0.200951,0.208016,0.193886,832,445
2026-06-04,2026-06-26,22,740.61,741.0,0.205574,0.208992,0.202156,111,269
2026-06-04,2026-06-30,26,740.61,741.0,0.203545,0.20768,0.19941,211,211
2026-06-04,2026-07-02,28,740.61,741.0,0.209069,0.215401,0.202736,100,112
2026-06-04,2026-07-10,36,740.61,741.0,0.20987,0.218331,0.201409,203,28
2026-06-04,2026-07-17,43,740.61,741.0,0.213913,0.224205,0.203621,442,654
2026-06-04,2026-07-31,57,740.61,741.0,0.221611,0.235283,0.207939,75,82
2026-06-04,2026-08-21,78,740.61,740.0,0.228745,0.2472,0.210289,4699,2166
2026-06-04,2026-08-31,88,740.61,741.0,0.235409,0.259575,0.211243,28,19
2026-06-04,2026-09-18,106,740.61,740.0,0.236145,0.258323,0.213967,7658,1803
2026-06-04,2026-09-30,118,740.61,740.0,0.236343,0.258735,0.213951,189,176
2026-06-04,2026-10-16,134,740.61,740.0,0.240093,0.264915,0.215271,607,5847
2026-06-04,2026-12-18,197,740.61,740.0,0.249954,0.281097,0.218811,9878,1009
2026-06-04,2026-12-31,210,740.61,740.0,0.250965,0.280845,0.221085,4403,3247
2026-06-04,2027-01-15,225,740.61,740.0,0.253986,0.290283,0.21769,5012,2875
2026-06-04,2027-03-19,288,740.61,740.0,0.255024,0.293479,0.216568,1365,694
2026-06-04,2027-03-31,300,740.61,740.0,0.25703,0.29795,0.21611,1964,1403
2026-06-04,2027-06-17,378,740.61,740.0,0.259933,0.304595,0.215271,2676,1086
2026-06-04,2027-09-17,470,740.61,740.0,0.263393,0.312072,0.214714,162,114
2026-06-04,2027-12-17,561,740.61,740.0,0.264665,0.317611,0.21172,109,511
2026-06-04,2028-01-21,596,740.61,740.0,0.263521,0.317603,0.209439,175,812
2026-06-04,2028-06-16,743,740.61,740.0,0.264133,0.325767,0.2025,493,271
2026-06-04,2028-12-15,925,740.61,740.0,0.266523,0.33364,0.199406,75,143
2026-06-05,2026-06-05,0,705.06,705.0,0.162362,,0.162362,2017,7829
2026-06-05,2026-06-08,3,705.06,705.0,0.178475,0.16639,0.19056,14,8761
2026-06-05,2026-06-09,4,705.06,705.0,0.240578,0.206856,0.274299,10,312
2026-06-05,2026-06-10,5,705.06,705.0,0.31684,0.265083,0.368598,30,1379
2026-06-05,2026-06-11,6,705.06,705.0,0.331214,0.285743,0.376685,12,371
2026-06-05,2026-06-12,7,705.06,705.0,0.312232,0.280036,0.344428,928,2642
2026-06-05,2026-06-18,13,705.06,705.0,0.298591,0.276863,0.320319,19436,30676
2026-06-05,2026-06-26,21,705.06,705.0,0.277092,0.252998,0.301185,728,1588
2026-06-05,2026-06-30,25,705.06,705.0,0.273491,0.249397,0.297584,788,18950
2026-06-05,2026-07-02,27,705.06,705.0,0.275474,0.259071,0.291877,93,812
2026-06-05,2026-07-10,35,705.06,705.0,0.26419,0.251686,0.276695,14,222
2026-06-05,2026-07-17,42,705.06,705.0,0.261642,0.252998,0.270286,2325,4023
2026-06-05,2026-07-31,56,705.06,705.0,0.26535,0.263496,0.267204,240,1821
2026-06-05,2026-08-21,77,705.06,705.0,0.257385,0.260139,0.254631,2502,18982
2026-06-05,2026-08-31,87,705.06,705.0,0.256203,,0.256203,,33
2026-06-05,2026-09-18,105,705.06,705.0,0.259292,0.269279,0.249306,3646,4461
2026-06-05,2026-09-30,117,705.06,705.0,0.26316,0.273277,0.253044,229,42
2026-06-05,2026-10-16,133,705.06,705.0,0.260723,0.274154,0.247291,656,2469
2026-06-05,2026-12-18,196,705.06,705.0,0.265514,0.287719,0.243309,1915,831
2026-06-05,2026-12-31,209,705.06,705.0,0.267063,0.290969,0.243156,1959,339
2026-06-05,2027-01-15,224,705.06,705.0,0.265545,0.290306,0.240784,1228,758
2026-06-05,2027-03-19,287,705.06,705.0,0.269264,0.29969,0.238838,475,224
2026-06-05,2027-03-31,299,705.06,705.0,0.269298,0.300712,0.237885,288,1750
2026-06-05,2027-06-17,377,705.06,705.0,0.269924,0.308486,0.231361,904,476
2026-06-05,2027-09-17,469,705.06,705.0,0.269813,0.313171,0.226456,297,105
2026-06-05,2027-12-17,560,705.06,705.0,0.270256,0.318736,0.221775,212,125
2026-06-05,2028-01-21,595,705.06,705.0,0.269277,0.319163,0.219391,64,73
2026-06-05,2028-06-16,742,705.06,705.0,0.270424,0.327941,0.212906,228,8
2026-06-05,2028-12-15,924,705.06,705.0,0.27103,0.335372,0.206688,92,15
2026-06-08,2026-06-08,0,716.07,716.0,0.018931,0.011484,0.026377,2182,2905
2026-06-08,2026-06-09,1,716.07,716.0,0.193642,0.1894,0.197884,524,671
2026-06-08,2026-06-10,2,716.07,716.0,0.238625,0.24189,0.235359,251,434
2026-06-08,2026-06-11,3,716.07,716.0,0.257515,0.257332,0.257698,159,166
2026-06-08,2026-06-12,4,716.07,716.0,0.264869,0.268135,0.261604,622,647
2026-06-08,2026-06-15,7,716.07,716.0,0.237053,0.24128,0.232826,92,155
2026-06-08,2026-06-16,8,716.07,716.0,0.244011,0.249336,0.238686,24,89
2026-06-08,2026-06-17,9,716.07,716.0,0.255607,0.261726,0.249489,14,134
2026-06-08,2026-06-18,10,716.07,716.0,0.260246,0.271522,0.24897,899,1989
2026-06-08,2026-06-22,14,716.07,715.0,0.266655,0.275093,0.258217,,
2026-06-08,2026-06-26,18,716.07,716.0,0.249901,0.25431,0.245491,178,487
2026-06-08,2026-06-30,22,716.07,716.0,0.242554,0.247612,0.237495,227,213
2026-06-08,2026-07-02,24,716.07,716.0,0.246162,0.253548,0.238777,1387,31
2026-06-08,2026-07-10,32,716.07,716.0,0.239944,0.248176,0.231712,24,87
2026-06-08,2026-07-17,39,716.07,716.0,0.237785,0.249122,0.226448,411,609
2026-06-08,2026-07-24,46,716.07,716.0,0.239235,0.252373,0.226097,9,18
2026-06-08,2026-07-31,53,716.07,716.0,0.241501,0.256309,0.226692,111,139
2026-06-08,2026-08-21,74,716.07,715.0,0.241951,0.260933,0.222969,1623,2765
2026-06-08,2026-08-31,84,716.07,716.0,0.244392,0.264427,0.224358,2,2
2026-06-08,2026-09-18,102,716.07,715.0,0.24971,0.270164,0.229256,3391,3742
2026-06-08,2026-09-30,114,716.07,715.0,0.248897,0.271568,0.226227,143,194
2026-06-08,2026-10-16,130,716.07,715.0,0.25074,0.277084,0.224396,1848,347
2026-06-08,2026-12-18,193,716.07,715.0,0.257664,0.291091,0.224236,2962,655
2026-06-08,2026-12-31,206,716.07,715.0,0.258156,0.290267,0.226044,1140,714
2026-06-08,2027-01-15,221,716.07,715.0,0.258724,0.294525,0.222923,1382,679
2026-06-08,2027-03-19,284,716.07,715.0,0.261963,0.301666,0.22226,262,189
2026-06-08,2027-03-31,296,716.07,715.0,0.261642,0.301109,0.222176,754,211
2026-06-08,2027-06-17,374,716.07,715.0,0.264526,0.311797,0.217255,3076,914
2026-06-08,2027-09-17,466,716.07,715.0,0.264873,0.317107,0.212639,374,144
2026-06-08,2027-12-17,557,716.07,715.0,0.267254,0.322044,0.212464,480,550
2026-06-08,2028-01-21,592,716.07,715.0,0.267381,0.323608,0.211155,150,708
2026-06-08,2028-06-16,739,716.07,715.0,0.26824,0.331264,0.205216,227,13
2026-06-08,2028-12-15,921,716.07,715.0,0.271434,0.341132,0.201737,124,16
2026-06-09,2026-06-09,0,707.83,708.0,0.146737,0.111215,0.182259,604,1721
2026-06-09,2026-06-10,1,707.83,708.0,0.276496,0.281013,0.27198,246,1050
2026-06-09,2026-06-11,2,707.83,708.0,0.315742,0.312995,0.318488,93,408
2026-06-09,2026-06-12,3,707.83,708.0,0.313392,0.316779,0.310004,1102,2229
2026-06-09,2026-06-15,6,707.83,708.0,0.287147,0.278572,0.295722,228,319
2026-06-09,2026-06-16,7,707.83,708.0,0.293128,0.296699,0.289558,19,47
2026-06-09,2026-06-17,8,707.83,708.0,0.318977,0.323249,0.314704,6,206
2026-06-09,2026-06-18,9,707.83,708.0,0.308921,0.316077,0.301765,717,1971
2026-06-09,2026-06-22,13,707.83,710.0,0.274376,0.276435,0.272316,38,416
2026-06-09,2026-06-26,17,707.83,708.0,0.282035,0.285682,0.278389,209,595
2026-06-09,2026-06-30,21,707.83,708.0,0.272071,0.276588,0.267555,278,385
2026-06-09,2026-07-02,23,707.83,708.0,0.27491,0.281654,0.268165,42,653
2026-06-09,2026-07-10,31,707.83,708.0,0.263809,0.272392,0.255226,45,135
2026-06-09,2026-07-17,38,707.83,708.0,0.259132,0.271339,0.246925,305,577
2026-06-09,2026-07-24,45,707.83,708.0,0.257973,0.270805,0.24514,7,42
2026-06-09,2026-07-31,52,707.83,708.0,0.259079,0.272941,0.245216,144,181
2026-06-09,2026-08-21,73,707.83,710.0,0.253975,0.271705,0.236244,3303,5983
2026-06-09,2026-08-31,83,707.83,708.0,0.260719,0.281623,0.239815,7,9
2026-06-09,2026-09-18,101,707.83,710.0,0.257156,0.280296,0.234016,26209,2946
2026-06-09,2026-09-30,113,707.83,710.0,0.259426,0.284988,0.233864,392,493
2026-06-09,2026-10-16,129,707.83,710.0,0.259132,0.284233,0.234032,1310,449
2026-06-09,2026-12-18,192,707.83,710.0,0.263141,0.295249,0.231033,3732,1961
2026-06-09,2026-12-31,205,707.83,710.0,0.264709,0.298934,0.230484,1795,1665
2026-06-09,2027-01-15,220,707.83,710.0,0.265281,0.300956,0.229607,1308,1129
2026-06-09,2027-03-19,283,707.83,710.0,0.265766,0.307578,0.223953,2642,970
2026-06-09,2027-03-31,295,707.83,710.0,0.267296,0.306541,0.22805,191,465
2026-06-09,2027-06-17,373,707.83,710.0,0.269008,0.314933,0.223084,2682,2376
2026-06-09,2027-09-17,465,707.83,710.0,0.269046,0.319297,0.218796,635,671
2026-06-09,2027-12-17,556,707.83,710.0,0.268486,0.323829,0.213143,913,1055
2026-06-09,2028-01-21,591,707.83,710.0,0.27012,0.325866,0.214375,198,135
2026-06-09,2028-06-16,738,707.83,710.0,0.270311,0.332389,0.208233,111,60
2026-06-09,2028-12-15,920,707.83,710.0,0.271291,0.340239,0.202343,132,162
2026-06-10,2026-06-10,0,693.69,694.0,0.177437,0.034433,0.320441,618,2087
2026-06-10,2026-06-11,1,693.69,694.0,0.303962,0.288581,0.319343,175,734
2026-06-10,2026-06-12,2,693.69,694.0,0.360602,0.353644,0.36756,492,998
2026-06-10,2026-06-15,5,693.69,695.0,0.317283,0.306983,0.327582,707,1195
2026-06-10,2026-06-16,6,693.69,695.0,0.332908,0.344245,0.321571,105,812
2026-06-10,2026-06-17,7,693.69,695.0,0.340201,0.343238,0.337165,195,610
2026-06-10,2026-06-18,8,693.69,694.0,0.358939,0.358802,0.359076,584,1982
2026-06-10,2026-06-22,12,693.69,695.0,0.316016,,0.316016,,487
2026-06-10,2026-06-26,16,693.69,694.0,0.340812,0.340613,0.34101,174,314
2026-06-10,2026-06-30,20,693.69,694.0,0.31327,0.313697,0.312843,194,239
2026-06-10,2026-07-02,22,693.69,694.0,0.320579,0.329688,0.311469,99,5293
2026-06-10,2026-07-10,30,693.69,694.0,0.298286,0.304084,0.292488,48,419
2026-06-10,2026-07-17,37,693.69,694.0,0.295471,0.298957,0.291984,72,1439
2026-06-10,2026-07-24,44,693.69,695.0,0.281883,0.288795,0.274971,10,89
2026-06-10,2026-07-31,51,693.69,694.0,0.283691,0.295722,0.27166,33,65
2026-06-10,2026-08-21,72,693.69,695.0,0.277313,0.287773,0.266853,1279,16845
2026-06-10,2026-08-31,82,693.69,694.0,0.256172,,0.256172,,19
2026-06-10,2026-09-18,100,693.69,695.0,0.279861,0.302024,0.257698,1741,1877
2026-06-10,2026-09-30,112,693.69,695.0,0.274246,0.294837,0.253654,252,278
2026-06-10,2026-10-16,128,693.69,695.0,0.274715,0.297767,0.251663,758,427
2026-06-10,2026-12-18,191,693.69,695.0,0.27655,0.307029,0.246071,1235,1017
2026-06-10,2026-12-31,204,693.69,695.0,0.279045,0.30857,0.249519,901,380
2026-06-10,2027-01-15,219,693.69,695.0,0.282089,0.314902,0.249275,2563,1140
2026-06-10,2027-03-19,282,693.69,695.0,0.276455,0.313934,0.238976,819,370
2026-06-10,2027-03-31,294,693.69,695.0,0.286426,0.324882,0.24797,284,65
2026-06-10,2027-06-17,372,693.69,695.0,0.288558,0.33229,0.244827,951,603
2026-06-10,2027-09-17,464,693.69,695.0,0.284364,0.333331,0.235397,116,113
2026-06-10,2027-12-17,555,693.69,695.0,0.283937,0.337779,0.230095,681,552
2026-06-10,2028-01-21,590,693.69,695.0,0.282089,0.338118,0.226059,63,17
2026-06-10,2028-06-16,737,693.69,695.0,0.283203,0.346095,0.22031,888,5
2026-06-10,2028-12-15,919,693.69,695.0,0.281499,0.351233,0.211766,77,15
2026-06-11,2026-06-11,0,717.12,717.0,0.170479,0.321906,0.019053,1523,650
2026-06-11,2026-06-12,1,717.12,717.0,0.273201,0.295173,0.251228,649,1450
2026-06-11,2026-06-15,4,717.12,717.0,0.26017,0.266121,0.254219,1000,207
2026-06-11,2026-06-16,5,717.12,717.0,0.284645,0.296638,0.272651,498,64
2026-06-11,2026-06-17,6,717.12,717.0,0.316047,0.322333,0.30976,279,208
2026-06-11,2026-06-18,7,717.12,717.0,0.312171,0.334113,0.290229,2086,1505
2026-06-11,2026-06-22,11,717.12,715.0,0.284416,0.287971,0.28086,780,450
2026-06-11,2026-06-26,15,717.12,717.0,0.298148,0.307899,0.288398,299,396
2026-06-11,2026-06-30,19,717.12,717.0,0.287147,0.298408,0.275886,382,130
2026-06-11,2026-07-02,21,717.12,717.0,0.288963,0.302894,0.275032,332,80
2026-06-11,2026-07-10,29,717.12,717.0,0.275459,0.288063,0.262855,169,240
2026-06-11,2026-07-17,36,717.12,717.0,0.271721,0.28849,0.254951,904,901
2026-06-11,2026-07-24,43,717.12,717.0,0.271591,0.286109,0.257072,38,50
2026-06-11,2026-07-31,50,717.12,717.0,0.269729,0.283821,0.255638,76,150
2026-06-11,2026-08-21,71,717.12,715.0,0.268135,0.289802,0.246467,4534,2690
2026-06-11,2026-08-31,81,717.12,717.0,0.265686,0.288093,0.243278,8,33
2026-06-11,2026-09-18,99,717.12,715.0,0.26815,0.293632,0.242668,3376,4503
2026-06-11,2026-09-30,111,717.12,715.0,0.267227,0.291908,0.242546,144,205
2026-06-11,2026-10-16,127,717.12,715.0,0.268055,0.2947,0.241409,1846,2437
2026-06-11,2026-12-18,190,717.12,715.0,0.270279,0.303184,0.237373,2933,993
2026-06-11,2026-12-31,203,717.12,715.0,0.270168,0.303588,0.236748,1109,764
2026-06-11,2027-01-15,218,717.12,715.0,0.26989,0.305061,0.234718,1371,751
2026-06-11,2027-03-19,281,717.12,715.0,0.271064,0.31153,0.230599,252,723
2026-06-11,2027-03-31,293,717.12,715.0,0.27206,0.311607,0.232513,754,144
2026-06-11,2027-06-17,371,717.12,715.0,0.273849,0.319747,0.227951,3080,917
2026-06-11,2027-09-17,463,717.12,715.0,0.272712,0.323241,0.222183,461,145
2026-06-11,2027-12-17,554,717.12,715.0,0.272462,0.327201,0.217724,479,556
2026-06-11,2028-01-21,589,717.12,715.0,0.279665,0.329742,0.229588,151,709
2026-06-11,2028-06-16,736,717.12,715.0,0.281599,0.34019,0.223007,201,13
2026-06-11,2028-12-15,918,717.12,715.0,0.277711,0.346774,0.208649,92,14
2026-06-12,2026-06-12,0,721.34,721.0,0.121225,0.121225,,2083,1200
2026-06-12,2026-06-15,3,721.34,721.0,0.173257,0.20179,0.144723,715,308
2026-06-12,2026-06-16,4,721.34,721.0,0.211983,0.242561,0.181405,305,77
2026-06-12,2026-06-17,5,721.34,721.0,0.243446,0.26783,0.219063,193,91
2026-06-12,2026-06-18,6,721.34,721.0,0.253486,0.280342,0.226631,853,1989
2026-06-12,2026-06-22,10,721.34,720.0,0.241493,0.256416,0.22657,675,283
2026-06-12,2026-06-26,14,721.34,721.0,0.261162,0.274513,0.24781,740,456
2026-06-12,2026-06-30,18,721.34,721.0,0.255897,0.271339,0.240456,317,204
2026-06-12,2026-07-02,20,721.34,721.0,0.259208,0.279548,0.238869,160,80
2026-06-12,2026-07-10,28,721.34,721.0,0.254005,0.272285,0.235725,137,148
2026-06-12,2026-07-17,35,721.34,721.0,0.247246,0.267646,0.226845,692,520
2026-06-12,2026-07-24,42,721.34,721.0,0.255218,0.271751,0.238686,33,16
2026-06-12,2026-07-31,49,721.34,721.0,0.26046,0.281898,0.239021,111,182
2026-06-12,2026-08-21,70,721.34,720.0,0.252144,0.277046,0.227242,3808,5127
2026-06-12,2026-08-31,80,721.34,721.0,0.262581,0.287254,0.237907,36,92
2026-06-12,2026-09-18,98,721.34,720.0,0.257835,0.287559,0.228111,7684,2943
2026-06-12,2026-09-30,110,721.34,720.0,0.259754,0.290168,0.22934,591,333
2026-06-12,2026-10-16,126,721.34,720.0,0.260669,0.291442,0.229897,916,1061
2026-06-12,2026-12-18,189,721.34,720.0,0.268764,0.305297,0.232231,10876,6615
2026-06-12,2026-12-31,202,721.34,720.0,0.269531,0.303237,0.235825,2371,1370
2026-06-12,2027-01-15,217,721.34,720.0,0.267814,0.304893,0.230736,1827,1014
2026-06-12,2027-03-19,280,721.34,720.0,0.269836,0.310691,0.228981,1043,567
2026-06-12,2027-03-31,292,721.34,720.0,0.270649,0.311584,0.229714,127,388
2026-06-12,2027-06-17,370,721.34,720.0,0.273197,0.32022,0.226174,3293,324
2026-06-12,2027-09-17,462,721.34,720.0,0.272209,0.323669,0.220749,512,765
2026-06-12,2027-12-17,553,721.34,720.0,0.272407,0.328086,0.216728,382,279
2026-06-12,2028-01-21,588,721.34,720.0,0.271921,0.328975,0.214867,392,326
2026-06-12,2028-06-16,735,721.34,720.0,0.269527,0.33319,0.205864,319,11
2026-06-12,2028-12-15,917,721.34,720.0,0.271751,0.342482,0.20102,117,70
2026-06-15,2026-06-15,0,744.0,744.0,0.032236,,0.032236,1071,1
2026-06-15,2026-06-16,1,744.0,744.0,0.156991,0.150155,0.163827,393,45
2026-06-15,2026-06-17,2,744.0,744.0,0.198983,0.195076,0.202889,300,68
2026-06-15,2026-06-18,3,744.0,744.0,0.225777,0.228523,0.22303,1437,619
2026-06-15,2026-06-22,7,744.0,744.0,0.195595,0.191597,0.199593,256,1
2026-06-15,2026-06-23,8,744.0,744.0,0.203728,0.199318,0.208138,90,1
2026-06-15,2026-06-24,9,744.0,744.0,0.20942,0.20942,,83,
2026-06-15,2026-06-25,10,744.0,744.0,0.216957,0.216957,,2,
2026-06-15,2026-06-26,11,744.0,744.0,0.224938,0.224251,0.225624,2843,626
2026-06-15,2026-06-30,15,744.0,744.0,0.220635,0.221565,0.219704,862,96
2026-06-15,2026-07-02,17,744.0,744.0,0.229881,0.233803,0.22596,173,479
2026-06-15,2026-07-10,25,744.0,744.0,0.227196,0.234047,0.220345,113,81
2026-06-15,2026-07-17,32,744.0,744.0,0.228111,0.236427,0.219795,757,331
2026-06-15,2026-07-24,39,744.0,744.0,0.2323,0.243355,0.221245,49,2
2026-06-15,2026-07-31,46,744.0,744.0,0.237427,0.249885,0.224968,127,164
2026-06-15,2026-08-21,67,744.0,745.0,0.238739,0.256141,0.221337,2351,1172
2026-06-15,2026-08-31,77,744.0,744.0,0.244682,0.265175,0.22419,144,5
2026-06-15,2026-09-18,95,744.0,745.0,0.246014,0.268577,0.22345,3233,7164
2026-06-15,2026-09-30,107,744.0,745.0,0.247208,0.268852,0.225563,281,73
2026-06-15,2026-10-16,123,744.0,745.0,0.249821,0.273903,0.225739,2001,530
2026-06-15,2026-12-18,186,744.0,745.0,0.257324,0.288391,0.226257,7311,1349
2026-06-15,2026-12-31,199,744.0,745.0,0.258007,0.2891,0.226914,4188,767
2026-06-15,2027-01-15,214,744.0,745.0,0.260666,0.295905,0.225426,1242,538
2026-06-15,2027-03-19,277,744.0,745.0,0.262043,0.301795,0.22229,1786,180
2026-06-15,2027-03-31,289,744.0,745.0,0.262802,0.301544,0.22406,1989,14
2026-06-15,2027-06-17,367,744.0,745.0,0.26794,0.312873,0.223007,2911,332
2026-06-15,2027-09-17,459,744.0,745.0,0.26836,0.317413,0.219307,1562,34
2026-06-15,2027-12-17,550,744.0,745.0,0.269025,0.322471,0.21558,228,728
2026-06-15,2028-01-21,585,744.0,745.0,0.269867,0.324996,0.214737,82,8
2026-06-15,2028-06-16,732,744.0,745.0,0.271606,0.333167,0.210045,250,7
2026-06-15,2028-12-15,914,744.0,745.0,0.270404,0.336623,0.204186,132,28
2026-06-16,2026-06-16,0,729.86,730.0,0.024363,0.024668,0.024058,2371,6905
2026-06-16,2026-06-17,1,729.86,730.0,0.230324,0.231941,0.228706,1559,3212
2026-06-16,2026-06-18,2,729.86,730.0,0.258308,0.26551,0.251106,23282,14761
2026-06-16,2026-06-22,6,729.86,730.0,0.216713,0.211983,0.221443,1378,2888
2026-06-16,2026-06-23,7,729.86,730.0,0.236031,0.234505,0.237556,174,234
2026-06-16,2026-06-24,8,729.86,730.0,0.245384,0.244057,0.246712,133,150
2026-06-16,2026-06-25,9,729.86,730.0,0.241524,0.239632,0.243416,171,107
2026-06-16,2026-06-26,10,729.86,730.0,0.250542,0.257149,0.243935,2027,4143
2026-06-16,2026-06-29,13,729.86,730.0,0.240059,0.243721,0.236397,20,106
2026-06-16,2026-06-30,14,729.86,730.0,0.247261,0.258858,0.235664,5079,3184
2026-06-16,2026-07-02,16,729.86,730.0,0.249138,0.257942,0.240334,1329,639
2026-06-16,2026-07-10,24,729.86,730.0,0.240105,0.24723,0.232979,811,1266
2026-06-16,2026-07-17,31,729.86,730.0,0.240356,0.249946,0.230766,10231,6190
2026-06-16,2026-07-24,38,729.86,730.0,0.239532,0.252373,0.226692,170,114
2026-06-16,2026-07-31,45,729.86,730.0,0.242973,0.257744,0.228203,773,878
2026-06-16,2026-08-21,66,729.86,730.0,0.24482,0.264671,0.224968,3661,6745
2026-06-16,2026-08-31,76,729.86,730.0,0.249,0.272117,0.225884,238,124
2026-06-16,2026-09-18,94,729.86,730.0,0.25061,0.275673,0.225548,9437,2510
2026-06-16,2026-09-30,106,729.86,730.0,0.251053,0.275459,0.226647,1056,1454
2026-06-16,2026-10-16,122,729.86,730.0,0.254467,0.281295,0.227638,1574,741
2026-06-16,2026-12-18,185,729.86,730.0,0.262176,0.295257,0.229096,11298,2533
2026-06-16,2026-12-31,198,729.86,730.0,0.266086,0.299293,0.23288,1208,3905
2026-06-16,2027-01-15,213,729.86,730.0,0.26667,0.301559,0.231781,4394,2504
2026-06-16,2027-03-19,276,729.86,730.0,0.270565,0.311164,0.229965,2440,1078
2026-06-16,2027-03-31,288,729.86,730.0,0.268837,0.309928,0.227745,296,369
2026-06-16,2027-06-17,366,729.86,730.0,0.274063,0.319991,0.228134,1317,1598
2026-06-16,2027-09-17,458,729.86,730.0,0.27219,0.321845,0.222534,307,3959
2026-06-16,2027-12-17,549,729.86,730.0,0.273512,0.328185,0.218838,2001,2823
2026-06-16,2028-01-21,584,729.86,730.0,0.272106,0.327903,0.216309,8114,755
2026-06-16,2028-06-16,731,729.86,730.0,0.274202,0.336616,0.211788,388,114
2026-06-16,2028-12-15,913,729.86,730.0,0.273822,0.342688,0.204956,1902,353
2026-06-17,2026-06-17,0,722.51,723.0,0.072763,0.072763,,422,2189
2026-06-17,2026-06-18,1,722.51,723.0,0.228706,0.256843,0.20057,1444,5305
2026-06-17,2026-06-22,5,722.51,723.0,0.213219,0.220253,0.206185,546,415
2026-06-17,2026-06-23,6,722.51,723.0,0.231606,0.23896,0.224251,71,183
2026-06-17,2026-06-24,7,722.51,723.0,0.244423,0.252144,0.236702,67,116
2026-06-17,2026-06-25,8,722.51,723.0,0.254738,0.262886,0.24659,99,109
2026-06-17,2026-06-26,9,722.51,723.0,0.261162,0.271827,0.250496,865,834
2026-06-17,2026-06-29,12,722.51,723.0,0.238106,,0.238106,,24
2026-06-17,2026-06-30,13,722.51,723.0,0.253944,0.26429,0.243599,222,340
2026-06-17,2026-07-02,15,722.51,723.0,0.261741,0.274726,0.248756,850,218
2026-06-17,2026-07-10,23,722.51,722.5,0.255089,0.269874,0.240303,352,67
2026-06-17,2026-07-17,30,722.51,723.0,0.253105,0.269386,0.236824,617,1090
2026-06-17,2026-07-24,37,722.51,723.0,0.253792,0.271614,0.23597,135,31
2026-06-17,2026-07-31,44,722.51,723.0,0.258178,0.277168,0.239189,130,82
2026-06-17,2026-08-21,65,722.51,725.0,0.252319,0.274833,0.229805,1886,3108
2026-06-17,2026-08-31,75,722.51,723.0,0.258034,0.281547,0.23452,103,83
2026-06-17,2026-09-18,93,722.51,725.0,0.260437,0.29116,0.229714,6715,2791
2026-06-17,2026-09-30,105,722.51,725.0,0.259655,0.285591,0.233719,1974,237
2026-06-17,2026-10-16,121,722.51,725.0,0.261108,0.289161,0.233055,2283,944
2026-06-17,2026-12-18,184,722.51,725.0,0.267585,0.302444,0.232727,3432,989
2026-06-17,2026-12-31,197,722.51,725.0,0.270301,0.306388,0.234215,722,1189
2026-06-17,2027-01-15,212,722.51,725.0,0.271167,0.306358,0.235977,6092,1076
2026-06-17,2027-03-19,275,722.51,725.0,0.273716,0.316856,0.230576,1842,2308
2026-06-17,2027-03-31,287,722.51,725.0,0.273513,0.315772,0.231255,329,391
2026-06-17,2027-06-17,365,722.51,725.0,0.276554,0.32508,0.228027,2063,10569
2026-06-17,2027-09-17,457,722.51,725.0,0.27544,0.328689,0.222191,539,1662
2026-06-17,2027-12-17,548,722.51,725.0,0.275331,0.332858,0.217804,408,855
2026-06-17,2028-01-21,583,722.51,725.0,0.276779,0.335708,0.21785,146,1023
2026-06-17,2028-06-16,730,722.51,725.0,0.27865,0.343989,0.21331,187,257
2026-06-17,2028-12-15,912,722.51,725.0,0.27918,0.350817,0.207543,175,22
2026-06-18,2026-06-18,0,740.62,741.0,0.031504,0.011607,0.051401,3793,429
2026-06-18,2026-06-22,4,740.62,741.0,0.129708,0.111764,0.147653,842,649
2026-06-18,2026-06-23,5,740.62,741.0,0.163186,0.147469,0.178902,362,202
2026-06-18,2026-06-24,6,740.62,741.0,0.185769,0.172433,0.199105,403,115
2026-06-18,2026-06-25,7,740.62,741.0,0.202584,0.191231,0.213936,111,15
2026-06-18,2026-06-26,8,740.62,741.0,0.21267,0.204445,0.220894,825,743
2026-06-18,2026-06-29,11,740.62,741.0,0.204888,0.198891,0.210884,55,3
2026-06-18,2026-06-30,12,740.62,741.0,0.214165,0.209389,0.218941,344,271
2026-06-18,2026-07-02,14,740.62,741.0,0.225746,0.225136,0.226357,284,204
2026-06-18,2026-07-10,22,740.62,741.0,0.228027,0.231834,0.22422,381,203
2026-06-18,2026-07-17,29,740.62,741.0,0.232002,0.238991,0.225014,800,663
2026-06-18,2026-07-24,36,740.62,741.0,0.235611,0.244881,0.226341,34,24
2026-06-18,2026-07-31,43,740.62,741.0,0.241562,0.25283,0.230293,347,114
2026-06-18,2026-08-21,64,740.62,740.0,0.244942,0.260994,0.22889,8561,2834
2026-06-18,2026-08-31,74,740.62,741.0,0.248062,0.265464,0.23066,39,29
2026-06-18,2026-09-18,92,740.62,740.0,0.251983,0.273765,0.230202,14611,3023
2026-06-18,2026-09-30,104,740.62,740.0,0.252647,0.273338,0.231957,193,184
2026-06-18,2026-10-16,120,740.62,740.0,0.256077,0.279563,0.23259,806,5778
2026-06-18,2026-12-18,183,740.62,740.0,0.263382,0.294738,0.232025,9916,5189
2026-06-18,2026-12-31,196,740.62,740.0,0.265678,0.297492,0.233864,4423,3412
2026-06-18,2027-01-15,211,740.62,740.0,0.266964,0.301078,0.232849,5734,4392
2026-06-18,2027-03-19,274,740.62,740.0,0.270862,0.310844,0.230881,1384,1301
2026-06-18,2027-03-31,286,740.62,740.0,0.27058,0.310355,0.230805,1983,1402
2026-06-18,2027-06-17,364,740.62,740.0,0.273422,0.321883,0.22496,2836,1190
2026-06-18,2027-09-17,456,740.62,740.0,0.275993,0.326987,0.224999,195,235
2026-06-18,2027-12-17,547,740.62,740.0,0.276094,0.331527,0.220661,308,577
2026-06-18,2028-01-21,582,740.62,740.0,0.277565,0.335071,0.220059,160,1521
2026-06-18,2028-06-16,729,740.62,740.0,0.278614,0.342406,0.214821,500,275
2026-06-18,2028-12-15,911,740.62,740.0,0.279024,0.349513,0.208535,158,455
2026-06-19,2026-06-22,3,740.62,741.0,0.145059,0.125009,0.165108,842,649
2026-06-19,2026-06-23,4,740.62,741.0,0.17875,0.161507,0.195992,362,202
2026-06-19,2026-06-24,5,740.62,741.0,0.200692,0.186287,0.215096,403,115
2026-06-19,2026-06-25,6,740.62,741.0,0.216591,0.204476,0.228706,111,15
2026-06-19,2026-06-26,7,740.62,741.0,0.225563,0.216866,0.234261,825,743
2026-06-19,2026-06-29,10,740.62,741.0,0.213997,0.207741,0.220253,55,3
2026-06-19,2026-06-30,11,740.62,741.0,0.222908,0.217934,0.227882,344,271
2026-06-19,2026-07-02,13,740.62,741.0,0.233681,0.23304,0.234322,284,204
2026-06-19,2026-07-10,21,740.62,741.0,0.233147,0.237038,0.229256,381,203
2026-06-19,2026-07-17,28,740.62,741.0,0.23597,0.24308,0.228859,800,663
2026-06-19,2026-07-24,35,740.62,741.0,0.238861,0.248253,0.229469,34,24
2026-06-19,2026-07-31,42,740.62,741.0,0.244354,0.25576,0.232948,347,114
2026-06-19,2026-08-21,63,740.62,740.0,0.246841,0.263023,0.23066,8561,2834
2026-06-19,2026-08-31,73,740.62,741.0,0.249733,0.26725,0.232216,39,29
2026-06-19,2026-09-18,91,740.62,740.0,0.253349,0.275245,0.231453,14611,3023
2026-06-19,2026-09-30,103,740.62,740.0,0.25386,0.27465,0.23307,193,184
2026-06-19,2026-10-16,119,740.62,740.0,0.257141,0.280723,0.233559,806,5778
2026-06-19,2026-12-18,182,740.62,740.0,0.264099,0.295539,0.232658,9916,5189
2026-06-19,2026-12-31,195,740.62,740.0,0.266357,0.298255,0.234459,4423,3412
2026-06-19,2027-01-15,210,740.62,740.0,0.267597,0.301795,0.233398,5734,4392
2026-06-19,2027-03-19,273,740.62,740.0,0.271354,0.311408,0.2313,1384,1301
2026-06-19,2027-03-31,285,740.62,740.0,0.271053,0.310897,0.231209,1983,1402
2026-06-19,2027-06-17,363,740.62,740.0,0.273796,0.322326,0.225266,2836,1190
2026-06-19,2027-09-17,455,740.62,740.0,0.276296,0.327346,0.225247,195,235
2026-06-19,2027-12-17,546,740.62,740.0,0.276346,0.331828,0.220864,308,577
2026-06-19,2028-01-21,581,740.62,740.0,0.277801,0.335357,0.220246,160,1521
2026-06-19,2028-06-16,728,740.62,740.0,0.278806,0.342643,0.21497,500,275
2026-06-19,2028-12-15,910,740.62,740.0,0.279176,0.349704,0.208649,158,455
2026-06-22,2026-06-22,0,737.95,738.0,0.015879,0.015879,0.015879,1803,4825
2026-06-22,2026-06-23,1,737.95,738.0,0.170937,0.173653,0.168221,1032,773
2026-06-22,2026-06-24,2,737.95,738.0,0.217476,0.220833,0.214119,317,647
2026-06-22,2026-06-25,3,737.95,738.0,0.239296,0.243843,0.234749,172,576
2026-06-22,2026-06-26,4,737.95,738.0,0.246406,0.253486,0.239326,1803,930
2026-06-22,2026-06-29,7,737.95,738.0,0.223122,0.229988,0.216255,198,486
2026-06-22,2026-06-30,8,737.95,738.0,0.233086,0.240639,0.225533,634,582
2026-06-22,2026-07-01,9,737.95,738.0,0.237221,0.245918,0.228523,99,65
2026-06-22,2026-07-02,10,737.95,738.0,0.245567,0.256599,0.234535,932,722
2026-06-22,2026-07-10,18,737.95,738.0,0.240837,0.253609,0.228066,266,319
2026-06-22,2026-07-17,25,737.95,738.0,0.243317,0.258049,0.228584,1160,1147
2026-06-22,2026-07-24,32,737.95,738.0,0.244568,0.260917,0.228218,160,127
2026-06-22,2026-07-31,39,737.95,738.0,0.249145,0.266975,0.231316,82,257
2026-06-22,2026-08-21,60,737.95,740.0,0.249061,0.270622,0.227501,8719,2861
2026-06-22,2026-08-31,70,737.95,738.0,0.252853,0.27555,0.230156,34,68
2026-06-22,2026-09-18,88,737.95,740.0,0.25428,0.280067,0.228493,14796,3344
2026-06-22,2026-09-30,100,737.95,740.0,0.25592,0.282356,0.229485,206,201
2026-06-22,2026-10-16,116,737.95,740.0,0.258476,0.28643,0.230522,831,5886
2026-06-22,2026-12-18,179,737.95,740.0,0.265613,0.300628,0.230599,9970,5232
2026-06-22,2026-12-31,192,737.95,740.0,0.265114,0.300224,0.230003,4424,3419
2026-06-22,2027-01-15,207,737.95,740.0,0.266193,0.303161,0.229225,5764,4402
2026-06-22,2027-03-19,270,737.95,740.0,0.269767,0.312309,0.227226,1417,1325
2026-06-22,2027-03-31,282,737.95,740.0,0.275032,0.317207,0.232857,1974,1369
2026-06-22,2027-06-17,360,737.95,740.0,0.277118,0.323745,0.230492,2872,1241
2026-06-22,2027-09-17,452,737.95,740.0,0.278041,0.331946,0.224136,195,250
2026-06-22,2027-12-17,543,737.95,740.0,0.27869,0.336623,0.220757,319,582
2026-06-22,2028-01-21,578,737.95,740.0,0.281087,0.340518,0.221657,163,1526
2026-06-22,2028-06-16,725,737.95,740.0,0.281757,0.347289,0.216225,499,275
2026-06-22,2028-12-15,907,737.95,740.0,0.282365,0.353915,0.210816,139,434
2026-06-23,2026-06-23,0,713.65,714.0,0.104501,0.104501,,132,1157
2026-06-23,2026-06-24,1,713.65,714.0,0.278144,0.317023,0.239265,72,430
2026-06-23,2026-06-25,2,713.65,714.0,0.322608,0.356879,0.288337,30,742
2026-06-23,2026-06-26,3,713.65,714.0,0.333259,0.366461,0.300056,240,1983
2026-06-23,2026-06-29,6,713.65,714.0,0.267646,,0.267646,,83
2026-06-23,2026-06-30,7,713.65,714.0,0.306007,0.331733,0.280281,410,262
2026-06-23,2026-07-01,8,713.65,714.0,0.283912,,0.283912,,89
2026-06-23,2026-07-02,9,713.65,714.0,0.316459,0.344245,0.288673,155,246
2026-06-23,2026-07-10,17,713.65,714.0,0.297965,0.323798,0.272133,209,183
2026-06-23,2026-07-17,24,713.65,714.0,0.293846,0.319587,0.268104,1107,2053
2026-06-23,2026-07-24,31,713.65,714.0,0.289405,0.315253,0.263557,68,56
2026-06-23,2026-07-31,38,713.65,714.0,0.290321,0.317176,0.263466,273,132
2026-06-23,2026-08-21,59,713.65,715.0,0.279937,0.308021,0.251854,4389,3023
2026-06-23,2026-08-31,69,713.65,714.0,0.280265,0.310218,0.250313,6,1597
2026-06-23,2026-09-18,87,713.65,715.0,0.277954,0.309562,0.246345,3334,6076
2026-06-23,2026-09-30,99,713.65,715.0,0.276611,0.306999,0.246223,162,188
2026-06-23,2026-10-16,115,713.65,715.0,0.277961,0.310142,0.245781,1897,2818
2026-06-23,2026-12-18,178,713.65,715.0,0.280426,0.319389,0.241463,3004,1024
2026-06-23,2026-12-31,191,713.65,715.0,0.281761,0.320655,0.242866,1109,767
2026-06-23,2027-01-15,206,713.65,715.0,0.281841,0.322143,0.241539,1370,1033
2026-06-23,2027-03-19,269,713.65,715.0,0.284778,0.332007,0.237549,212,858
2026-06-23,2027-03-31,281,713.65,715.0,0.28487,0.329909,0.23983,748,144
2026-06-23,2027-06-17,359,713.65,715.0,0.287147,0.337752,0.236542,3082,952
2026-06-23,2027-09-17,451,713.65,715.0,0.286373,0.342261,0.230484,461,145
2026-06-23,2027-12-17,542,713.65,715.0,0.286933,0.347037,0.22683,519,565
2026-06-23,2028-01-21,577,713.65,715.0,0.286903,0.347487,0.226318,154,709
2026-06-23,2028-06-16,724,713.65,715.0,0.288015,0.355029,0.221001,225,10
2026-06-23,2028-12-15,906,713.65,715.0,0.289035,0.362387,0.215683,100,14
2026-06-24,2026-06-24,0,710.62,711.0,0.589482,0.589482,,232,1460
2026-06-24,2026-06-25,1,710.62,711.0,0.326942,0.529729,0.124154,94,461
2026-06-24,2026-06-26,2,710.62,711.0,0.338263,0.509343,0.167184,451,2497
2026-06-24,2026-06-29,5,710.62,711.0,0.290168,0.415899,0.164437,18,122
2026-06-24,2026-06-30,6,710.62,711.0,0.302909,0.420691,0.185128,366,522
2026-06-24,2026-07-01,7,710.62,711.0,0.194832,,0.194832,,124
2026-06-24,2026-07-02,8,710.62,711.0,0.314323,0.424048,0.204598,440,443
2026-06-24,2026-07-10,16,710.62,711.0,0.306434,0.401068,0.2118,62,192
2026-06-24,2026-07-17,23,710.62,711.0,0.300987,0.384497,0.217476,564,2009
2026-06-24,2026-07-24,30,710.62,711.0,0.28984,0.359503,0.220177,59,260
2026-06-24,2026-07-31,37,710.62,711.0,0.297675,0.364661,0.23069,109,1688
2026-06-24,2026-08-21,58,710.62,710.0,0.284599,0.344199,0.224999,4450,8104
2026-06-24,2026-08-31,68,710.62,711.0,0.28656,0.34571,0.227409,134,16
2026-06-24,2026-09-18,86,710.62,710.0,0.283775,0.341864,0.225685,26648,4936
2026-06-24,2026-09-30,98,710.62,710.0,0.284431,0.338691,0.230171,2057,520
2026-06-24,2026-10-16,114,710.62,710.0,0.28413,0.340323,0.227936,1332,583
2026-06-24,2026-12-18,177,710.62,710.0,0.285892,0.342688,0.229096,3762,2345
2026-06-24,2026-12-31,190,710.62,710.0,0.284286,0.339568,0.229004,1773,1648
2026-06-24,2027-01-15,205,710.62,710.0,0.285606,0.34278,0.228432,1527,1213
2026-06-24,2027-03-19,268,710.62,710.0,0.285785,0.345183,0.226387,2683,1040
2026-06-24,2027-03-31,280,710.62,710.0,0.285778,0.342566,0.228989,208,459
2026-06-24,2027-06-17,358,710.62,710.0,0.288558,0.352958,0.224159,2608,2611
2026-06-24,2027-09-17,450,710.62,710.0,0.287281,0.354811,0.21975,708,702
2026-06-24,2027-12-17,541,710.62,710.0,0.288045,0.358676,0.217415,912,2162
2026-06-24,2028-01-21,576,710.62,710.0,0.288875,0.359908,0.217842,200,135
2026-06-24,2028-06-16,723,710.62,710.0,0.290597,0.366427,0.214768,193,60
2026-06-24,2028-12-15,905,710.62,710.0,0.290393,0.371741,0.209046,148,319
2026-06-25,2026-06-25,0,716.38,716.0,0.060739,0.108529,0.012949,3604,1483
2026-06-25,2026-06-26,1,716.38,716.0,0.240578,0.275093,0.206063,1400,1434
2026-06-25,2026-06-29,4,716.38,716.0,0.210213,,0.210213,,339
2026-06-25,2026-06-30,5,716.38,716.0,0.264213,0.286598,0.241829,3703,4081
2026-06-25,2026-07-01,6,716.38,716.0,0.252205,,0.252205,,779
2026-06-25,2026-07-02,7,716.38,716.0,0.287834,0.313697,0.26197,1465,738
2026-06-25,2026-07-10,15,716.38,716.0,0.280448,0.303932,0.256965,258,304
2026-06-25,2026-07-17,22,716.38,716.0,0.282524,0.305793,0.259254,830,3927
2026-06-25,2026-07-24,29,716.38,716.0,0.279754,0.303916,0.255592,268,145
2026-06-25,2026-07-31,36,716.38,716.0,0.282112,0.307212,0.257011,211,307
2026-06-25,2026-08-21,57,716.38,715.0,0.275016,0.302253,0.24778,4781,3266
2026-06-25,2026-08-31,67,716.38,716.0,0.272651,0.300666,0.244636,42,178
2026-06-25,2026-09-18,85,716.38,715.0,0.273033,0.303672,0.242393,3378,6028
2026-06-25,2026-09-30,97,716.38,715.0,0.271255,0.300605,0.241905,299,209
2026-06-25,2026-10-16,113,716.38,715.0,0.272308,0.304298,0.240318,1977,2832
2026-06-25,2026-12-18,176,716.38,715.0,0.273986,0.311546,0.236427,3031,1077
2026-06-25,2026-12-31,189,716.38,715.0,0.275764,0.313728,0.237801,1117,768
2026-06-25,2027-01-15,204,716.38,715.0,0.273712,0.313834,0.233589,1382,1074
2026-06-25,2027-03-19,267,716.38,715.0,0.275566,0.320907,0.230225,196,948
2026-06-25,2027-03-31,279,716.38,715.0,0.276382,0.320167,0.232597,757,143
2026-06-25,2027-06-17,357,716.38,715.0,0.278568,0.32981,0.227326,3116,980
2026-06-25,2027-09-17,449,716.38,715.0,0.281766,0.336783,0.22675,461,145
2026-06-25,2027-12-17,540,716.38,715.0,0.282573,0.341575,0.223572,522,565
2026-06-25,2028-01-21,575,716.38,715.0,0.283298,0.34352,0.223076,162,710
2026-06-25,2028-06-16,722,716.38,715.0,0.283399,0.350039,0.216759,228,20
2026-06-25,2028-12-15,904,716.38,715.0,0.284204,0.356597,0.211811,122,295
2026-06-26,2026-06-26,0,706.52,707.0,0.036265,0.050547,0.021982,1051,4222
2026-06-26,2026-06-29,3,706.52,707.0,0.182656,0.190621,0.174691,249,421
2026-06-26,2026-06-30,4,706.52,707.0,0.235237,0.244148,0.226326,554,1250
2026-06-26,2026-07-01,5,706.52,707.0,0.244759,,0.244759,,377
2026-06-26,2026-07-02,6,706.52,707.0,0.272865,0.287055,0.258674,347,1485
2026-06-26,2026-07-10,14,706.52,707.0,0.274772,0.289894,0.259651,209,3056
2026-06-26,2026-07-17,21,706.52,707.0,0.279213,0.295722,0.262703,612,1237
2026-06-26,2026-07-24,28,706.52,707.0,0.276741,0.294715,0.258766,114,1631
2026-06-26,2026-07-31,35,706.52,707.0,0.279014,0.298194,0.259834,178,375
2026-06-26,2026-08-21,56,706.52,705.0,0.273887,0.296577,0.251198,1997,30689
2026-06-26,2026-08-31,66,706.52,707.0,0.270469,0.294334,0.246605,38,114
2026-06-26,2026-09-18,84,706.52,705.0,0.271671,0.298461,0.244881,3787,4423
2026-06-26,2026-09-30,96,706.52,705.0,0.270958,0.298103,0.243812,297,98
2026-06-26,2026-10-16,112,706.52,705.0,0.271431,0.301231,0.241631,638,2398
2026-06-26,2026-12-18,175,706.52,705.0,0.273677,0.31005,0.237305,2254,1114
2026-06-26,2026-12-31,188,706.52,705.0,0.272033,0.306739,0.237328,1985,271
2026-06-26,2027-01-15,203,706.52,705.0,0.271728,0.308288,0.235168,1293,930
2026-06-26,2027-03-19,266,706.52,705.0,0.274562,0.319183,0.229942,549,2068
2026-06-26,2027-03-31,278,706.52,705.0,0.277042,0.320235,0.233849,292,1755
2026-06-26,2027-06-17,356,706.52,705.0,0.280269,0.328704,0.231834,1455,2684
2026-06-26,2027-09-17,448,706.52,705.0,0.279491,0.332709,0.226273,281,292
2026-06-26,2027-12-17,539,706.52,705.0,0.280172,0.337554,0.22279,222,184
2026-06-26,2028-01-21,574,706.52,705.0,0.281082,0.338393,0.22377,71,71
2026-06-26,2028-06-16,721,706.52,705.0,0.283102,0.347319,0.218884,229,53
2026-06-26,2028-12-15,903,706.52,705.0,0.284347,0.354743,0.213951,101,17
2026-06-29,2026-06-29,0,724.08,724.0,0.031321,0.013682,0.04896,1259,398
2026-06-29,2026-06-30,1,724.08,724.0,0.188241,0.17817,0.198311,447,442
2026-06-29,2026-07-01,2,724.08,724.0,0.220162,0.214607,0.225716,144,417
2026-06-29,2026-07-02,3,724.08,724.0,0.245064,0.24604,0.244087,535,454
2026-06-29,2026-07-06,7,724.08,724.0,0.213845,0.215584,0.212105,225,121
2026-06-29,2026-07-07,8,724.08,724.0,0.223015,0.225746,0.220284,88,6
2026-06-29,2026-07-08,9,724.08,724.0,0.231758,0.235298,0.228218,26,5
2026-06-29,2026-07-09,10,724.08,724.0,0.243111,0.243111,,10,
2026-06-29,2026-07-10,11,724.08,724.0,0.246025,0.252205,0.239845,284,654
2026-06-29,2026-07-17,18,724.08,724.0,0.256614,0.265999,0.24723,2796,794
2026-06-29,2026-07-24,25,724.08,724.0,0.256561,0.268272,0.24485,78,75
2026-06-29,2026-07-31,32,724.08,724.0,0.262352,0.276603,0.2481,70,67
2026-06-29,2026-08-07,39,724.08,724.0,0.246498,,0.246498,,10
2026-06-29,2026-08-21,53,724.08,725.0,0.257736,0.275749,0.239723,3861,4925
2026-06-29,2026-08-31,63,724.08,724.0,0.259369,0.278648,0.240089,57,81
2026-06-29,2026-09-18,81,724.08,725.0,0.258728,0.281593,0.235863,6764,3517
2026-06-29,2026-09-30,93,724.08,724.0,0.259704,0.282203,0.237206,30,3
2026-06-29,2026-10-16,109,724.08,725.0,0.260654,0.285888,0.23542,1974,1008
2026-06-29,2026-12-18,172,724.08,725.0,0.264831,0.297622,0.23204,3422,3119
2026-06-29,2026-12-31,185,724.08,725.0,0.265125,0.297508,0.232742,659,1127
2026-06-29,2027-01-15,200,724.08,725.0,0.265182,0.299079,0.231285,6184,1091
2026-06-29,2027-03-19,263,724.08,725.0,0.267292,0.307128,0.227455,1851,2394
2026-06-29,2027-03-31,275,724.08,725.0,0.268367,0.308959,0.227776,328,384
2026-06-29,2027-06-17,353,724.08,725.0,0.27275,0.319869,0.225632,2018,10604
2026-06-29,2027-09-17,445,724.08,725.0,0.275051,0.326766,0.223335,553,1677
2026-06-29,2027-12-17,536,724.08,725.0,0.276016,0.331962,0.22007,411,868
2026-06-29,2028-01-21,571,724.08,725.0,0.27584,0.332389,0.219292,148,1019
2026-06-29,2028-06-16,718,724.08,725.0,0.277496,0.340674,0.214318,196,257
2026-06-29,2028-12-15,900,724.08,725.0,0.279007,0.348677,0.209336,206,21
2026-06-30,2026-06-30,0,736.4,736.0,0.055674,,0.055674,2129,154
2026-06-30,2026-07-01,1,736.4,736.0,0.166329,0.1493,0.183358,1078,229
2026-06-30,2026-07-02,2,736.4,736.0,0.203102,0.193673,0.212532,952,705
2026-06-30,2026-07-06,6,736.4,736.0,0.177849,0.172799,0.1829,235,45
2026-06-30,2026-07-07,7,736.4,736.0,0.186226,0.186226,,221,
2026-06-30,2026-07-08,8,736.4,736.0,0.199135,0.196419,0.201851,95,2
2026-06-30,2026-07-09,9,736.4,736.0,0.205056,0.205056,,66,
2026-06-30,2026-07-10,10,736.4,736.0,0.214455,0.214913,0.213997,433,342
2026-06-30,2026-07-17,17,736.4,736.0,0.22892,0.233192,0.224648,2138,1698
2026-06-30,2026-07-24,24,736.4,736.0,0.23278,0.240425,0.225136,278,115
2026-06-30,2026-07-31,31,736.4,736.0,0.241646,0.251503,0.231789,145,600
2026-06-30,2026-08-07,38,736.4,736.0,0.255226,0.255226,,27,
2026-06-30,2026-08-21,52,736.4,735.0,0.245117,0.260383,0.229851,2598,2028
2026-06-30,2026-08-31,62,736.4,736.0,0.245888,0.262581,0.229195,39,78
2026-06-30,2026-09-18,80,736.4,735.0,0.25058,0.271385,0.229775,6462,2692
2026-06-30,2026-09-30,92,736.4,736.0,0.252075,0.273536,0.230614,29,3
2026-06-30,2026-10-16,108,736.4,735.0,0.258568,0.285194,0.231941,1044,425
2026-06-30,2026-12-18,171,736.4,735.0,0.264293,0.296829,0.231758,7094,4089
2026-06-30,2026-12-31,184,736.4,735.0,0.263275,0.294242,0.232307,7410,6472
2026-06-30,2027-01-15,199,736.4,735.0,0.264381,0.297195,0.231567,1821,1372
2026-06-30,2027-03-19,262,736.4,735.0,0.268943,0.31005,0.227837,3802,2673
2026-06-30,2027-03-31,274,736.4,735.0,0.271099,0.310737,0.231461,762,166
2026-06-30,2027-06-17,352,736.4,735.0,0.275886,0.32215,0.229622,1733,320
2026-06-30,2027-09-17,444,736.4,735.0,0.275406,0.32669,0.224121,186,1375
2026-06-30,2027-12-17,535,736.4,735.0,0.276231,0.331893,0.22057,923,374
2026-06-30,2028-01-21,570,736.4,735.0,0.276687,0.332679,0.220696,119,306
2026-06-30,2028-06-16,717,736.4,735.0,0.277752,0.340236,0.215267,286,116
2026-06-30,2028-12-15,899,736.4,735.0,0.277628,0.346457,0.208798,37,404
2026-07-01,2026-07-01,0,725.17,725.0,0.030283,0.016245,0.044321,16266,2970
2026-07-01,2026-07-02,1,725.17,725.0,0.190041,0.190743,0.189339,6727,5070
2026-07-01,2026-07-06,5,725.17,725.0,0.165414,0.166207,0.16462,780,959
2026-07-01,2026-07-07,6,725.17,725.0,0.182229,0.18409,0.180367,496,245
2026-07-01,2026-07-08,7,725.17,725.0,0.195443,0.198128,0.192757,344,2186
2026-07-01,2026-07-09,8,725.17,725.0,0.206292,0.209023,0.20356,816,42
2026-07-01,2026-07-10,9,725.17,725.0,0.216698,0.221474,0.211922,2595,2607
2026-07-01,2026-07-17,16,725.17,725.0,0.233574,0.24131,0.225838,9764,17825
2026-07-01,2026-07-24,23,725.17,725.0,0.238182,0.248543,0.227821,1002,2069
2026-07-01,2026-07-31,30,725.17,725.0,0.245895,0.258796,0.232994,1840,1782
2026-07-01,2026-08-07,37,725.17,725.0,0.247291,0.262047,0.232536,40,55
2026-07-01,2026-08-21,51,725.17,725.0,0.247703,0.265541,0.229866,3060,4994
2026-07-01,2026-08-31,61,725.17,725.0,0.248093,0.266853,0.229332,494,303
2026-07-01,2026-09-18,79,725.17,725.0,0.251655,0.274345,0.228966,6735,3725
2026-07-01,2026-09-30,91,725.17,725.0,0.251125,0.272934,0.229317,1944,445
2026-07-01,2026-10-16,107,725.17,725.0,0.254738,0.279228,0.230248,2003,1091
2026-07-01,2026-12-18,170,725.17,725.0,0.262859,0.295104,0.230614,3478,3111
2026-07-01,2026-12-31,183,725.17,725.0,0.264457,0.296867,0.232048,722,1130
2026-07-01,2027-01-15,198,725.17,725.0,0.264625,0.299064,0.230187,6263,1175
2026-07-01,2027-03-19,261,725.17,725.0,0.268112,0.30854,0.227684,1852,2425
2026-07-01,2027-03-31,273,725.17,725.0,0.269828,0.310355,0.229302,332,384
2026-07-01,2027-06-17,351,725.17,725.0,0.274063,0.320373,0.227753,2030,10612
2026-07-01,2027-09-17,443,725.17,725.0,0.274772,0.325484,0.22406,553,1677
2026-07-01,2027-12-17,534,725.17,725.0,0.27552,0.330627,0.220413,411,868
2026-07-01,2028-01-21,569,725.17,725.0,0.276117,0.332595,0.219639,148,1021
2026-07-01,2028-06-16,716,725.17,725.0,0.275777,0.338237,0.213318,195,362
2026-07-01,2028-12-15,898,725.17,725.0,0.276842,0.346408,0.207276,205,21
2026-07-02,2026-07-02,0,712.6,713.0,0.02363,0.030405,0.016856,1130,6742
2026-07-02,2026-07-06,4,712.6,713.0,0.135598,0.139047,0.13215,142,427
2026-07-02,2026-07-07,5,712.6,713.0,0.16903,0.173531,0.164529,125,1367
2026-07-02,2026-07-08,6,712.6,713.0,0.189019,0.193947,0.18409,48,149
2026-07-02,2026-07-09,7,712.6,713.0,0.203896,0.209481,0.198311,230,99
2026-07-02,2026-07-10,8,712.6,713.0,0.217217,0.225044,0.209389,207,804
2026-07-02,2026-07-17,15,712.6,713.0,0.239098,0.249245,0.228951,690,7749
2026-07-02,2026-07-24,22,712.6,713.0,0.244621,0.256782,0.23246,96,217
2026-07-02,2026-07-31,29,712.6,713.0,0.252617,0.266823,0.238411,309,200
2026-07-02,2026-08-07,36,712.6,713.0,0.253326,0.269203,0.23745,59,104
2026-07-02,2026-08-21,50,712.6,715.0,0.250954,0.269447,0.23246,1959,4028
2026-07-02,2026-08-31,60,712.6,713.0,0.253364,0.273124,0.233604,32,52
2026-07-02,2026-09-18,78,712.6,715.0,0.253975,0.277214,0.230736,4508,8540
2026-07-02,2026-09-30,90,712.6,713.0,0.255127,0.277717,0.232536,255,25
2026-07-02,2026-10-16,106,712.6,715.0,0.255939,0.280456,0.231422,1950,2868
2026-07-02,2026-12-18,169,712.6,715.0,0.263504,0.295844,0.231163,5186,994
2026-07-02,2026-12-31,182,712.6,715.0,0.263263,0.295455,0.231072,1087,780
2026-07-02,2027-01-15,197,712.6,715.0,0.264168,0.29824,0.230095,1482,1587
2026-07-02,2027-03-19,260,712.6,715.0,0.267193,0.307006,0.227379,195,996
2026-07-02,2027-03-31,272,712.6,715.0,0.270046,0.310172,0.22992,815,144
2026-07-02,2027-06-17,350,712.6,715.0,0.272182,0.318549,0.225815,3151,1046
2026-07-02,2027-09-17,442,712.6,715.0,0.275413,0.325942,0.224884,473,146
2026-07-02,2027-12-17,533,712.6,715.0,0.275936,0.330764,0.221108,618,692
2026-07-02,2028-01-21,568,712.6,715.0,0.276477,0.333289,0.219666,164,710
2026-07-02,2028-06-16,715,712.6,715.0,0.279106,0.342078,0.216133,237,21
2026-07-02,2028-12-15,897,712.6,715.0,0.279134,0.348227,0.210041,125,294
2026-07-03,2026-07-06,3,712.6,713.0,0.151559,0.155404,0.147714,142,427
2026-07-03,2026-07-07,4,712.6,713.0,0.185189,0.190133,0.180245,125,1367
2026-07-03,2026-07-08,5,712.6,713.0,0.20414,0.209481,0.1988,48,149
2026-07-03,2026-07-09,6,712.6,713.0,0.217995,0.223946,0.212044,230,99
2026-07-03,2026-07-10,7,712.6,713.0,0.230385,0.238686,0.222084,207,804
2026-07-03,2026-07-17,14,712.6,713.0,0.246941,0.257423,0.236458,690,7749
2026-07-03,2026-07-24,21,712.6,713.0,0.250114,0.26255,0.237679,96,217
2026-07-03,2026-07-31,28,712.6,713.0,0.25692,0.27137,0.24247,309,200
2026-07-03,2026-08-07,35,712.6,713.0,0.256828,0.272926,0.24073,59,104
2026-07-03,2026-08-21,49,712.6,715.0,0.253456,0.272133,0.234779,1959,4028
2026-07-03,2026-08-31,59,712.6,713.0,0.255462,0.275383,0.235542,32,52
2026-07-03,2026-09-18,77,712.6,715.0,0.255592,0.278984,0.232201,4508,8540
2026-07-03,2026-09-30,89,712.6,713.0,0.256538,0.279258,0.233818,255,25
2026-07-03,2026-10-16,105,712.6,715.0,0.257149,0.281776,0.232521,1950,2868
2026-07-03,2026-12-18,168,712.6,715.0,0.264278,0.296714,0.231842,5186,994
2026-07-03,2026-12-31,181,712.6,715.0,0.263984,0.296272,0.231697,1087,780
2026-07-03,2027-01-15,196,712.6,715.0,0.264831,0.298988,0.230675,1482,1587
2026-07-03,2027-03-19,259,712.6,715.0,0.267708,0.307601,0.227814,195,996
2026-07-03,2027-03-31,271,712.6,715.0,0.270546,0.310745,0.230347,815,144
2026-07-03,2027-06-17,349,712.6,715.0,0.272571,0.319007,0.226135,3151,1046
2026-07-03,2027-09-17,441,712.6,715.0,0.27573,0.326316,0.225144,473,146
2026-07-03,2027-12-17,532,712.6,715.0,0.276197,0.331077,0.221317,618,692
2026-07-03,2028-01-21,567,712.6,715.0,0.27672,0.333583,0.219856,164,710
2026-07-03,2028-06-16,714,712.6,715.0,0.2793,0.342318,0.216282,237,21
2026-07-03,2028-12-15,896,712.6,715.0,0.279293,0.348426,0.21016,125,294
2026-07-06,2026-07-06,0,722.82,723.0,0.01887,0.024668,0.013071,1733,735
2026-07-06,2026-07-07,1,722.82,723.0,0.145883,0.151254,0.140512,660,341
2026-07-06,2026-07-08,2,722.82,723.0,0.175912,0.181649,0.170174,540,466
2026-07-06,2026-07-09,3,722.82,723.0,0.189095,0.195382,0.182808,337,488
2026-07-06,2026-07-10,4,722.82,723.0,0.201729,0.210884,0.192574,691,728
2026-07-06,2026-07-13,7,722.82,723.0,0.185952,0.193673,0.178231,41,72
2026-07-06,2026-07-14,8,722.82,723.0,0.199395,0.207772,0.191018,18,30
2026-07-06,2026-07-15,9,722.82,723.0,0.206765,0.21534,0.198189,24,21
2026-07-06,2026-07-16,10,722.82,725.0,0.208718,0.217507,0.199929,295,97
2026-07-06,2026-07-17,11,722.82,723.0,0.220604,0.230995,0.210213,2164,2034
2026-07-06,2026-07-24,18,722.82,723.0,0.226845,0.239357,0.214333,288,253
2026-07-06,2026-07-31,25,722.82,723.0,0.238884,0.253212,0.224556,155,299
2026-07-06,2026-08-07,32,722.82,723.0,0.240494,0.256492,0.224495,122,54
2026-07-06,2026-08-14,39,722.82,723.0,0.259483,0.259483,,3,
2026-07-06,2026-08-21,46,722.82,725.0,0.238609,0.257072,0.220146,3196,5009
2026-07-06,2026-08-31,56,722.82,723.0,0.24218,0.261802,0.222557,165,114
2026-07-06,2026-09-18,74,722.82,725.0,0.243874,0.266853,0.220894,6806,3795
2026-07-06,2026-09-30,86,722.82,723.0,0.245781,0.268242,0.22332,12,15
2026-07-06,2026-10-16,102,722.82,725.0,0.248276,0.273368,0.223183,2064,1025
2026-07-06,2026-12-18,165,722.82,725.0,0.257263,0.289833,0.224693,3508,3115
2026-07-06,2026-12-31,178,722.82,725.0,0.257229,0.289489,0.224968,663,1126
2026-07-06,2027-01-15,193,722.82,725.0,0.258323,0.292015,0.224632,6228,1149
2026-07-06,2027-02-19,228,722.82,725.0,0.298019,0.298019,,3,
2026-07-06,2027-03-19,256,722.82,725.0,0.262958,0.302924,0.222992,1823,2421
2026-07-06,2027-03-31,268,722.82,725.0,0.265686,0.308334,0.223038,328,384
2026-07-06,2027-06-17,346,722.82,725.0,0.271141,0.317886,0.224396,1971,10611
2026-07-06,2027-06-30,359,722.82,725.0,0.273063,0.317458,0.228668,5,1
2026-07-06,2027-09-17,438,722.82,725.0,0.27297,0.324123,0.221817,570,1677
2026-07-06,2027-12-17,529,722.82,725.0,0.273792,0.329162,0.218422,414,868
2026-07-06,2028-01-21,564,722.82,725.0,0.272833,0.329417,0.216248,148,1021
2026-07-06,2028-06-16,711,722.82,725.0,0.27403,0.3366,0.21146,195,362
2026-07-06,2028-12-15,893,722.82,725.0,0.275791,0.344909,0.206673,209,23
2026-07-07,2026-07-07,0,709.43,709.0,0.040171,0.065439,0.014902,418,1478
2026-07-07,2026-07-08,1,709.43,709.0,0.188424,0.204903,0.171944,122,520
2026-07-07,2026-07-09,2,709.43,709.0,0.215309,0.228951,0.201668,1516,308
2026-07-07,2026-07-10,3,709.43,709.0,0.229012,0.244514,0.213509,164,2195
2026-07-07,2026-07-13,6,709.43,709.0,0.203225,0.215706,0.190743,234,174
2026-07-07,2026-07-14,7,709.43,709.0,0.2165,0.229256,0.203743,10,50
2026-07-07,2026-07-15,8,709.43,709.0,0.22506,0.237312,0.212807,25,35
2026-07-07,2026-07-16,9,709.43,710.0,0.228615,0.241402,0.215828,61,828
2026-07-07,2026-07-17,10,709.43,709.0,0.238289,0.25251,0.224068,2926,16876
2026-07-07,2026-07-24,17,709.43,709.0,0.241936,0.257271,0.226601,198,982
2026-07-07,2026-07-31,24,709.43,709.0,0.251152,0.268013,0.234291,364,659
2026-07-07,2026-08-07,31,709.43,709.0,0.25103,0.269508,0.232552,322,22
2026-07-07,2026-08-14,38,709.43,710.0,0.249382,0.268593,0.230171,185,90
2026-07-07,2026-08-21,45,709.43,710.0,0.247749,0.268516,0.226982,5197,16098
2026-07-07,2026-08-31,55,709.43,709.0,0.248642,0.271537,0.225746,16,70
2026-07-07,2026-09-18,73,709.43,710.0,0.250709,0.275795,0.225624,28559,6052
2026-07-07,2026-09-30,85,709.43,709.0,0.252315,0.275566,0.229065,15,23
2026-07-07,2026-10-16,101,709.43,710.0,0.253647,0.280235,0.227059,1263,677
2026-07-07,2026-12-18,164,709.43,710.0,0.261196,0.294753,0.227638,4044,2458
2026-07-07,2026-12-31,177,709.43,710.0,0.26316,0.297004,0.229317,1783,1660
2026-07-07,2027-01-15,192,709.43,710.0,0.263561,0.298507,0.228615,1496,1225
2026-07-07,2027-02-19,227,709.43,710.0,0.265114,0.302963,0.227265,1,3
2026-07-07,2027-03-19,255,709.43,710.0,0.267029,0.307754,0.226303,2610,1074
2026-07-07,2027-03-31,267,709.43,710.0,0.268142,0.31063,0.225655,260,462
2026-07-07,2027-06-17,345,709.43,710.0,0.271944,0.319255,0.224632,2719,3095
2026-07-07,2027-06-30,358,709.43,710.0,0.322791,0.322791,,9,
2026-07-07,2027-09-17,437,709.43,710.0,0.275152,0.327376,0.222927,715,705
2026-07-07,2027-12-17,528,709.43,710.0,0.275758,0.332225,0.219292,901,2169
2026-07-07,2028-01-21,563,709.43,710.0,0.276443,0.334075,0.218811,188,167
2026-07-07,2028-06-16,710,709.43,710.0,0.27786,0.34162,0.2141,173,118
2026-07-07,2028-12-15,892,709.43,710.0,0.279836,0.350299,0.209374,150,317
2026-07-08,2026-07-08,0,711.44,711.0,0.0608,,0.0608,1883,1633
2026-07-08,2026-07-09,1,711.44,711.0,0.183816,0.162118,0.205513,1008,354
2026-07-08,2026-07-10,2,711.44,711.0,0.211983,0.197396,0.22657,638,483
2026-07-08,2026-07-13,5,711.44,711.0,0.189766,0.18055,0.198983,975,1057
2026-07-08,2026-07-14,6,711.44,711.0,0.206337,0.198677,0.213997,453,256
2026-07-08,2026-07-15,7,711.44,711.0,0.215065,0.208748,0.221382,213,106
2026-07-08,2026-07-16,8,711.44,710.0,0.223335,0.218147,0.228523,370,826
2026-07-08,2026-07-17,9,711.44,711.0,0.230263,0.22715,0.233376,28796,9004
2026-07-08,2026-07-20,12,711.44,711.0,0.2183,0.216408,0.220192,74,21
2026-07-08,2026-07-21,13,711.44,710.0,0.224877,0.223763,0.22599,255,93
2026-07-08,2026-07-24,16,711.44,711.0,0.237709,0.239571,0.235847,258,276
2026-07-08,2026-07-31,23,711.44,711.0,0.248527,0.253853,0.243202,266,1534
2026-07-08,2026-08-07,30,711.44,711.0,0.248436,0.256386,0.240486,116,139
2026-07-08,2026-08-14,37,711.44,711.0,0.248718,0.258674,0.238762,44,9
2026-07-08,2026-08-21,44,711.44,710.0,0.248413,0.260139,0.236687,5580,15937
2026-07-08,2026-08-31,54,711.44,711.0,0.24723,0.260719,0.233742,147,102
2026-07-08,2026-09-18,72,711.44,710.0,0.251434,0.268913,0.233955,28473,7833
2026-07-08,2026-09-30,84,711.44,711.0,0.250366,0.267646,0.233086,81,8
2026-07-08,2026-10-16,100,711.44,710.0,0.254001,0.274032,0.233971,1301,700
2026-07-08,2026-12-18,163,711.44,710.0,0.26197,0.290809,0.233131,4065,2465
2026-07-08,2026-12-31,176,711.44,710.0,0.261802,0.290351,0.233254,1807,1662
2026-07-08,2027-01-15,191,711.44,710.0,0.262707,0.293441,0.231972,1525,1222
2026-07-08,2027-02-19,226,711.44,710.0,0.263977,0.298034,0.22992,9,6
2026-07-08,2027-03-19,254,711.44,710.0,0.26667,0.304527,0.228813,2628,1074
2026-07-08,2027-03-31,266,711.44,710.0,0.269157,0.306663,0.231651,263,463
2026-07-08,2027-06-17,344,711.44,710.0,0.273876,0.318542,0.22921,2738,3246
2026-07-08,2027-06-30,357,711.44,710.0,0.31771,0.31771,,36,
2026-07-08,2027-09-17,436,711.44,710.0,0.275837,0.325263,0.22641,723,705
2026-07-08,2027-12-17,527,711.44,710.0,0.276441,0.33055,0.222332,901,2169
2026-07-08,2028-01-21,562,711.44,710.0,0.27627,0.33097,0.221569,199,167
2026-07-08,2028-06-16,709,711.44,710.0,0.27699,0.338748,0.215233,175,124
2026-07-08,2028-12-15,891,711.44,710.0,0.278987,0.347632,0.210343,194,318
2026-07-09,2026-07-09,0,723.28,723.0,0.0431,0.0431,,2033,625
2026-07-09,2026-07-10,1,723.28,723.0,0.164498,0.177376,0.15162,1377,545
2026-07-09,2026-07-13,4,723.28,723.0,0.156197,0.16462,0.147775,403,141
2026-07-09,2026-07-14,5,723.28,723.0,0.178002,0.18705,0.168954,494,101
2026-07-09,2026-07-15,6,723.28,723.0,0.18998,0.199227,0.180733,105,156
2026-07-09,2026-07-16,7,723.28,725.0,0.194573,0.203926,0.185219,482,186
2026-07-09,2026-07-17,8,723.28,723.0,0.209023,0.22004,0.198006,2471,3043
2026-07-09,2026-07-20,11,723.28,723.0,0.198906,0.209297,0.188515,28,3
2026-07-09,2026-07-21,12,723.28,725.0,0.201195,0.21183,0.19056,135,32
2026-07-09,2026-07-24,15,723.28,723.0,0.222435,0.235085,0.209786,337,243
2026-07-09,2026-07-31,22,723.28,723.0,0.237267,0.252022,0.222511,189,709
2026-07-09,2026-08-07,29,723.28,723.0,0.238899,0.254768,0.22303,159,69
2026-07-09,2026-08-14,36,723.28,723.0,0.240822,0.257942,0.223702,20,100
2026-07-09,2026-08-21,43,723.28,725.0,0.237648,0.256172,0.219124,3828,5349
2026-07-09,2026-08-31,53,723.28,723.0,0.241203,0.260505,0.221901,162,108
2026-07-09,2026-09-18,71,723.28,725.0,0.244987,0.267372,0.222603,6935,3816
2026-07-09,2026-09-30,83,723.28,723.0,0.247299,0.269066,0.225533,25,16
2026-07-09,2026-10-16,99,723.28,725.0,0.248863,0.273124,0.224602,2136,1028
2026-07-09,2026-12-18,162,723.28,725.0,0.257339,0.289077,0.225601,3640,3299
2026-07-09,2026-12-31,175,723.28,725.0,0.257515,0.289817,0.225212,665,1128
2026-07-09,2027-01-15,190,723.28,725.0,0.258373,0.291999,0.224747,6204,1155
2026-07-09,2027-02-19,225,723.28,725.0,0.259792,0.296798,0.222786,11,28
2026-07-09,2027-03-19,253,723.28,725.0,0.262035,0.30178,0.22229,1825,2476
2026-07-09,2027-03-31,265,723.28,725.0,0.264892,0.305106,0.224678,322,396
2026-07-09,2027-06-17,343,723.28,725.0,0.266882,0.313762,0.220001,2076,10618
2026-07-09,2027-06-30,356,723.28,725.0,0.270649,0.317344,0.223953,33,2
2026-07-09,2027-09-17,435,723.28,725.0,0.272419,0.323852,0.220986,571,1672
2026-07-09,2027-12-17,526,723.28,725.0,0.273288,0.329139,0.217438,416,868
2026-07-09,2028-01-21,561,723.28,725.0,0.274185,0.330962,0.217407,162,1022
2026-07-09,2028-06-16,708,723.28,725.0,0.273893,0.336619,0.211167,196,360
2026-07-09,2028-12-15,890,723.28,725.0,0.274465,0.343699,0.205231,220,24
2026-07-10,2026-07-10,0,725.51,726.0,0.016611,0.016611,,3257,5931
2026-07-10,2026-07-13,3,725.51,726.0,0.107553,0.112497,0.102609,1161,407
2026-07-10,2026-07-14,4,725.51,726.0,0.140634,0.146066,0.135202,675,467
2026-07-10,2026-07-15,5,725.51,726.0,0.156289,0.162179,0.150399,288,64
2026-07-10,2026-07-16,6,725.51,725.0,0.168771,0.174996,0.162545,982,345
2026-07-10,2026-07-17,7,725.51,726.0,0.177834,0.185982,0.169686,4149,1645
2026-07-10,2026-07-20,10,725.51,726.0,0.178506,0.178506,,111,
2026-07-10,2026-07-21,11,725.51,725.0,0.178948,0.187233,0.170663,429,156
2026-07-10,2026-07-24,14,725.51,726.0,0.19796,0.208412,0.187508,197,99
2026-07-10,2026-07-31,21,725.51,726.0,0.217781,0.230354,0.205208,286,247
2026-07-10,2026-08-07,28,725.51,726.0,0.221993,0.236305,0.20768,54,154
2026-07-10,2026-08-14,35,725.51,726.0,0.224548,0.240242,0.208855,122,23
2026-07-10,2026-08-21,42,725.51,725.0,0.226463,0.243446,0.209481,4298,5276
2026-07-10,2026-08-31,52,725.51,726.0,0.228249,0.246437,0.21006,129,139
2026-07-10,2026-09-18,70,725.51,725.0,0.236336,0.257942,0.21473,6927,4004
2026-07-10,2026-09-30,82,725.51,726.0,0.236641,0.257759,0.215523,32,53
2026-07-10,2026-10-16,98,725.51,725.0,0.241756,0.265495,0.218018,2158,1084
2026-07-10,2026-12-18,161,725.51,725.0,0.252964,0.284667,0.22126,3640,3324
2026-07-10,2026-12-31,174,725.51,725.0,0.253059,0.284317,0.221802,665,1128
2026-07-10,2027-01-15,189,725.51,725.0,0.254387,0.287681,0.221092,6203,1183
2026-07-10,2027-02-19,224,725.51,725.0,0.25642,0.292915,0.219925,11,28
2026-07-10,2027-03-19,252,725.51,725.0,0.259189,0.298629,0.21975,1826,2472
2026-07-10,2027-03-31,264,725.51,725.0,0.263401,0.303359,0.223442,321,397
2026-07-10,2027-06-17,342,725.51,725.0,0.269458,0.316932,0.221985,2076,10626
2026-07-10,2027-06-30,355,725.51,725.0,0.270355,0.317077,0.223633,39,6
2026-07-10,2027-09-17,434,725.51,725.0,0.271656,0.322997,0.220314,571,1673
2026-07-10,2027-12-17,525,725.51,725.0,0.272724,0.328551,0.216896,416,868
2026-07-10,2028-01-21,560,725.51,725.0,0.274719,0.33184,0.217598,163,1022
2026-07-10,2028-06-16,707,725.51,725.0,0.274936,0.338592,0.211281,197,360
2026-07-10,2028-12-15,889,725.51,725.0,0.277607,0.347682,0.207531,229,23
2026-07-13,2026-07-13,0,711.74,712.0,0.02717,0.016001,0.03834,244,3324
2026-07-13,2026-07-14,1,711.74,712.0,0.195443,0.19117,0.199715,775,712
2026-07-13,2026-07-15,2,711.74,712.0,0.220589,0.218636,0.222542,564,514
2026-07-13,2026-07-16,3,711.74,710.0,0.23716,0.237312,0.237007,445,1874
2026-07-13,2026-07-17,4,711.74,712.0,0.242165,0.244575,0.239754,873,2076
2026-07-13,2026-07-20,7,711.74,712.0,0.217018,0.219734,0.214302,83,81
2026-07-13,2026-07-21,8,711.74,710.0,0.226051,0.229622,0.222481,236,340
2026-07-13,2026-07-24,11,711.74,712.0,0.240028,0.246223,0.233833,349,1629
2026-07-13,2026-07-31,18,711.74,712.0,0.248894,0.258217,0.239571,469,651
2026-07-13,2026-08-07,25,711.74,712.0,0.246559,0.258217,0.234901,99,154
2026-07-13,2026-08-14,32,711.74,712.0,0.245621,0.258705,0.232536,21,64
2026-07-13,2026-08-21,39,711.74,710.0,0.244995,0.259834,0.230156,5409,16068
2026-07-13,2026-08-31,49,711.74,712.0,0.241585,0.257774,0.225395,120,195
2026-07-13,2026-09-18,67,711.74,710.0,0.247459,0.26725,0.227669,28336,7995
2026-07-13,2026-09-30,79,711.74,712.0,0.245407,0.264183,0.226631,16,47
2026-07-13,2026-10-16,95,711.74,710.0,0.251198,0.273018,0.229378,1230,782
2026-07-13,2026-12-18,158,711.74,710.0,0.259472,0.289741,0.229202,4104,2545
2026-07-13,2026-12-31,171,711.74,710.0,0.259376,0.289619,0.229134,1806,1657
2026-07-13,2027-01-15,186,711.74,710.0,0.260959,0.293456,0.228462,1491,1367
2026-07-13,2027-02-19,221,711.74,710.0,0.263122,0.299301,0.226944,13,11
2026-07-13,2027-03-19,249,711.74,710.0,0.265785,0.304862,0.226708,2603,1101
2026-07-13,2027-03-31,261,711.74,710.0,0.264972,0.303886,0.226059,251,463
2026-07-13,2027-06-17,339,711.74,710.0,0.273315,0.319358,0.227272,2773,3285
2026-07-13,2027-06-30,352,711.74,710.0,0.316177,0.316177,,40,
2026-07-13,2027-09-17,431,711.74,710.0,0.274929,0.32582,0.224037,784,706
2026-07-13,2027-12-17,522,711.74,710.0,0.275669,0.331328,0.220009,899,2179
2026-07-13,2028-01-21,557,711.74,710.0,0.276008,0.333396,0.21862,207,289
2026-07-13,2028-06-16,704,711.74,710.0,0.277275,0.340789,0.213761,168,125
2026-07-13,2028-12-15,886,711.74,710.0,0.279148,0.349356,0.208939,206,320
2026-07-14,2026-07-14,0,719.69,720.0,0.014719,0.013926,0.015513,11991,1845
2026-07-14,2026-07-15,1,719.69,720.0,0.158181,0.159127,0.157235,8600,757
2026-07-14,2026-07-16,2,719.69,720.0,0.182778,0.184884,0.180672,1787,1181
2026-07-14,2026-07-17,3,719.69,720.0,0.198372,0.203682,0.193062,17842,22334
2026-07-14,2026-07-20,6,719.69,720.0,0.182137,0.187142,0.177132,943,476
2026-07-14,2026-07-21,7,719.69,720.0,0.191796,0.197426,0.186165,338,345
2026-07-14,2026-07-22,8,719.69,720.0,0.202233,0.208321,0.196145,259,3019
2026-07-14,2026-07-23,9,719.69,720.0,0.210488,0.216988,0.203987,301,329
2026-07-14,2026-07-24,10,719.69,720.0,0.216728,0.224922,0.208535,4367,1681
2026-07-14,2026-07-31,17,719.69,720.0,0.2342,0.245003,0.223396,3329,4196
2026-07-14,2026-08-07,24,719.69,720.0,0.234062,0.246742,0.221382,1692,681
2026-07-14,2026-08-14,31,719.69,720.0,0.233666,0.247871,0.21946,271,167
2026-07-14,2026-08-21,38,719.69,720.0,0.233292,0.248924,0.217659,9608,11604
2026-07-14,2026-08-28,45,719.69,720.0,0.237541,0.254722,0.22036,60,69
2026-07-14,2026-08-31,48,719.69,720.0,0.234154,0.251182,0.217125,760,467
2026-07-14,2026-09-18,66,719.69,720.0,0.240318,0.26078,0.219856,11641,8078
2026-07-14,2026-09-30,78,719.69,720.0,0.240204,0.259865,0.220543,1185,626
2026-07-14,2026-10-16,94,719.69,720.0,0.244591,0.267265,0.221916,5191,4245
2026-07-14,2026-12-18,157,719.69,720.0,0.254463,0.285057,0.223869,11064,7019
2026-07-14,2026-12-31,170,719.69,720.0,0.254864,0.28524,0.224487,2074,1389
2026-07-14,2027-01-15,185,719.69,720.0,0.25613,0.288543,0.223717,1944,1973
2026-07-14,2027-02-19,220,719.69,720.0,0.258724,0.294319,0.223129,3,266
2026-07-14,2027-03-19,248,719.69,720.0,0.261684,0.300193,0.223175,1079,764
2026-07-14,2027-03-31,260,719.69,720.0,0.264801,0.30371,0.225891,117,385
2026-07-14,2027-06-17,338,719.69,720.0,0.26853,0.314342,0.222717,4442,2112
2026-07-14,2027-06-30,351,719.69,720.0,0.270786,0.316154,0.225418,13,63
2026-07-14,2027-09-17,430,719.69,720.0,0.273697,0.32413,0.223263,3869,807
2026-07-14,2027-12-17,521,719.69,720.0,0.274696,0.329528,0.219864,913,1196
2026-07-14,2028-01-21,556,719.69,720.0,0.274669,0.330993,0.218346,403,5838
2026-07-14,2028-06-16,703,719.69,720.0,0.275247,0.338054,0.212441,364,15
2026-07-14,2028-12-15,885,719.69,720.0,0.277488,0.347464,0.207512,186,251
2026-07-15,2026-07-15,0,717.74,718.0,0.016856,0.012827,0.020884,2012,2419
2026-07-15,2026-07-16,1,717.74,720.0,0.15751,0.155282,0.159737,2373,2018
2026-07-15,2026-07-17,2,717.74,718.0,0.188881,0.191353,0.18641,2569,4695
2026-07-15,2026-07-20,5,717.74,718.0,0.168984,0.171273,0.166695,594,494
2026-07-15,2026-07-21,6,717.74,718.0,0.180031,0.183541,0.176522,439,170
2026-07-15,2026-07-22,7,717.74,718.0,0.191277,0.195748,0.186806,211,227
2026-07-15,2026-07-23,8,717.74,718.0,0.201683,0.206551,0.196816,128,48
2026-07-15,2026-07-24,9,717.74,718.0,0.209175,0.216011,0.20234,645,741
2026-07-15,2026-07-27,12,717.74,718.0,0.199913,0.206642,0.193184,102,241
2026-07-15,2026-07-28,13,717.74,718.0,0.204857,0.212136,0.197579,,
2026-07-15,2026-07-29,14,717.74,720.0,0.213433,0.220314,0.206551,,
2026-07-15,2026-07-31,16,717.74,718.0,0.230324,0.23896,0.221687,528,955
2026-07-15,2026-08-07,23,717.74,718.0,0.229759,0.241035,0.218483,120,455
2026-07-15,2026-08-14,30,717.74,717.5,0.230888,0.24369,0.218086,72,19
2026-07-15,2026-08-21,37,717.74,720.0,0.227005,0.241035,0.212975,9973,17677
2026-07-15,2026-08-28,44,717.74,718.0,0.233963,0.250236,0.21769,19,8
2026-07-15,2026-08-31,47,717.74,718.0,0.230583,0.246345,0.214821,62,188
2026-07-15,2026-09-18,65,717.74,720.0,0.234673,0.253593,0.215752,11690,6552
2026-07-15,2026-09-30,77,717.74,718.0,0.237556,0.256676,0.218437,28,84
2026-07-15,2026-10-16,93,717.74,720.0,0.239426,0.260887,0.217964,5235,4424
2026-07-15,2026-11-20,128,717.74,720.0,0.249016,0.27668,0.221352,20,2559
2026-07-15,2026-12-18,156,717.74,720.0,0.251118,0.280944,0.221291,11175,7025
2026-07-15,2026-12-31,169,717.74,720.0,0.252922,0.282356,0.223488,2073,1411
2026-07-15,2027-01-15,184,717.74,720.0,0.253277,0.284889,0.221665,1935,1980
2026-07-15,2027-02-19,219,717.74,720.0,0.255909,0.291358,0.220459,14,266
2026-07-15,2027-03-19,247,717.74,720.0,0.259247,0.297332,0.221161,1079,764
2026-07-15,2027-03-31,259,717.74,720.0,0.262672,0.301048,0.224297,128,386
2026-07-15,2027-06-17,337,717.74,720.0,0.269382,0.314361,0.224404,4544,4141
2026-07-15,2027-06-30,350,717.74,720.0,0.269386,0.313659,0.225113,16,93
2026-07-15,2027-09-17,429,717.74,720.0,0.271202,0.320647,0.221756,3874,809
2026-07-15,2027-12-17,520,717.74,720.0,0.272556,0.326675,0.218437,905,1200
2026-07-15,2028-01-21,555,717.74,720.0,0.270536,0.324454,0.216618,402,5840
2026-07-15,2028-06-16,702,717.74,720.0,0.274522,0.336108,0.212937,364,15
2026-07-15,2028-12-15,884,717.74,720.0,0.275713,0.344596,0.206829,202,651
2026-07-16,2026-07-16,0,705.94,705.0,0.038828,,0.038828,423,8806
2026-07-16,2026-07-17,1,705.94,706.0,0.194252,0.186104,0.202401,3855,3781
2026-07-16,2026-07-20,4,705.94,706.0,0.177926,0.172921,0.182931,149,837
2026-07-16,2026-07-21,5,705.94,706.0,0.195931,0.1941,0.197762,91,176
2026-07-16,2026-07-22,6,705.94,706.0,0.208199,0.20765,0.208748,69,55
2026-07-16,2026-07-23,7,705.94,706.0,0.221871,0.22065,0.223091,5,105
2026-07-16,2026-07-24,8,705.94,706.0,0.232674,0.234016,0.231331,176,498
2026-07-16,2026-07-27,11,705.94,706.0,0.217858,0.220467,0.215248,2,24
2026-07-16,2026-07-28,12,705.94,706.0,0.225212,0.226875,0.223549,93,7
2026-07-16,2026-07-29,13,705.94,705.0,0.238487,0.241554,0.23542,7,317
2026-07-16,2026-07-31,15,705.94,706.0,0.251106,0.255073,0.247139,149,370
2026-07-16,2026-08-07,22,705.94,706.0,0.249061,0.257454,0.240669,222,261
2026-07-16,2026-08-14,29,705.94,706.0,0.2444,0.25515,0.23365,60,141
2026-07-16,2026-08-21,36,705.94,705.0,0.244202,0.255775,0.232628,2170,42032
2026-07-16,2026-08-28,43,705.94,706.0,0.244995,0.258873,0.231117,13,23
2026-07-16,2026-08-31,46,705.94,706.0,0.240967,0.255134,0.226799,42,100
2026-07-16,2026-09-18,64,705.94,705.0,0.246536,0.263939,0.229134,3856,5318
2026-07-16,2026-09-30,76,705.94,706.0,0.243523,0.260689,0.226357,80,100
2026-07-16,2026-10-16,92,705.94,705.0,0.247612,0.267753,0.22747,693,2485
2026-07-16,2026-11-20,127,705.94,705.0,0.253082,0.278221,0.227944,9,18
2026-07-16,2026-12-18,155,705.94,705.0,0.255447,0.284141,0.226753,2407,2629
2026-07-16,2026-12-31,168,705.94,705.0,0.256252,0.285049,0.227455,2008,307
2026-07-16,2027-01-15,183,705.94,705.0,0.256843,0.287666,0.226021,1460,769
2026-07-16,2027-02-19,218,705.94,705.0,0.258983,0.293281,0.224686,68,78
2026-07-16,2027-03-19,246,705.94,705.0,0.261745,0.299026,0.224465,548,2060
2026-07-16,2027-03-31,258,705.94,705.0,0.263489,0.30294,0.224037,293,1767
2026-07-16,2027-06-17,336,705.94,705.0,0.267677,0.312827,0.222527,1475,2730
2026-07-16,2027-06-30,349,705.94,705.0,0.270691,0.314445,0.226936,15,31
2026-07-16,2027-09-17,428,705.94,705.0,0.272827,0.321738,0.223915,289,292
2026-07-16,2027-12-17,519,705.94,705.0,0.273883,0.327582,0.220184,230,194
2026-07-16,2028-01-21,554,705.94,705.0,0.27523,0.330718,0.219742,92,101
2026-07-16,2028-06-16,701,705.94,705.0,0.277402,0.339969,0.214836,229,340
2026-07-16,2028-12-15,883,705.94,705.0,0.278856,0.347724,0.209988,106,115
2026-07-17,2026-07-17,0,695.33,695.0,0.047007,,0.047007,1983,32679
2026-07-17,2026-07-20,3,695.33,695.0,0.166146,0.158212,0.174081,153,1572
2026-07-17,2026-07-21,4,695.33,695.0,0.200051,0.193551,0.206551,77,951
2026-07-17,2026-07-22,5,695.33,695.0,0.223427,0.218331,0.228523,160,3306
2026-07-17,2026-07-23,6,695.33,695.0,0.240562,0.236763,0.244362,316,895
2026-07-17,2026-07-24,7,695.33,695.0,0.251472,0.25074,0.252205,1594,5249
2026-07-17,2026-07-27,10,695.33,695.0,0.238762,0.238533,0.238991,12,1836
2026-07-17,2026-07-28,11,695.33,695.0,0.244408,0.244881,0.243935,8,87
2026-07-17,2026-07-29,12,695.33,695.0,0.257194,0.258796,0.255592,16,725
2026-07-17,2026-07-31,14,695.33,695.0,0.271721,0.275245,0.268196,417,51952
2026-07-17,2026-08-07,21,695.33,695.0,0.266533,0.273109,0.259956,53,1148
2026-07-17,2026-08-14,28,695.33,695.0,0.261909,0.270637,0.253181,75,414
2026-07-17,2026-08-21,35,695.33,695.0,0.258346,0.269111,0.247581,1192,20203
2026-07-17,2026-08-28,42,695.33,695.0,0.259201,0.271675,0.246727,107,138
2026-07-17,2026-08-31,45,695.33,695.0,0.255028,0.267433,0.242622,72,396
2026-07-17,2026-09-18,63,695.33,695.0,0.255615,0.272163,0.239067,1820,2361
2026-07-17,2026-09-30,75,695.33,695.0,0.253326,0.269142,0.237511,266,333
2026-07-17,2026-10-16,91,695.33,695.0,0.259861,0.283622,0.236099,717,689
2026-07-17,2026-11-20,126,695.33,695.0,0.264324,0.294052,0.234596,4,10
2026-07-17,2026-12-18,154,695.33,695.0,0.261169,0.290046,0.232292,1237,1244
2026-07-17,2026-12-31,167,695.33,695.0,0.261238,0.289436,0.23304,912,516
2026-07-17,2027-01-15,182,695.33,695.0,0.261432,0.291748,0.231117,2411,1130
2026-07-17,2027-02-19,217,695.33,695.0,0.26363,0.29737,0.229889,27,35
2026-07-17,2027-03-19,245,695.33,695.0,0.266075,0.302848,0.229302,865,579
2026-07-17,2027-03-31,257,695.33,695.0,0.270153,0.307647,0.232658,186,162
2026-07-17,2027-06-17,335,695.33,695.0,0.274971,0.317504,0.232437,960,805
2026-07-17,2027-06-30,348,695.33,695.0,0.277061,0.321265,0.232857,7,39
2026-07-17,2027-09-17,427,695.33,695.0,0.276691,0.325675,0.227707,217,150
2026-07-17,2027-12-17,518,695.33,695.0,0.278881,0.332656,0.225105,682,564
2026-07-17,2028-01-21,553,695.33,695.0,0.27886,0.333922,0.223797,67,22
2026-07-17,2028-06-16,700,695.33,695.0,0.281093,0.342154,0.220032,896,231
2026-07-17,2028-12-15,882,695.33,695.0,0.28202,0.350333,0.213707,101,251
2026-07-20,2026-07-20,0,696.06,696.0,0.024729,0.011607,0.037851,1146,2681
2026-07-20,2026-07-21,1,696.06,696.0,0.195076,0.187752,0.202401,413,1335
2026-07-20,2026-07-22,2,696.06,696.0,0.229805,0.225227,0.234383,258,392
2026-07-20,2026-07-23,3,696.06,696.0,0.250618,0.247688,0.253548,241,1437
2026-07-20,2026-07-24,4,696.06,696.0,0.260475,0.260933,0.260017,420,683
2026-07-20,2026-07-27,7,696.06,696.0,0.235008,0.236458,0.233559,103,122
2026-07-20,2026-07-28,8,696.06,696.0,0.241859,0.244026,0.239693,130,102
2026-07-20,2026-07-29,9,696.06,696.0,0.257744,0.260658,0.254829,41,20
2026-07-20,2026-07-30,10,696.06,696.0,0.267723,0.271339,0.264106,17,38
2026-07-20,2026-07-31,11,696.06,696.0,0.275505,0.28086,0.270149,79,1707
2026-07-20,2026-08-07,18,696.06,696.0,0.267112,0.275306,0.258919,61,342
2026-07-20,2026-08-14,25,696.06,696.0,0.261017,0.271248,0.250786,92,154
2026-07-20,2026-08-21,32,696.06,696.0,0.256187,0.268318,0.244057,150,103
2026-07-20,2026-08-28,39,696.06,696.0,0.256706,0.270271,0.243141,8,40
2026-07-20,2026-08-31,42,696.06,696.0,0.252205,0.265815,0.238594,105,133
2026-07-20,2026-09-18,60,696.06,696.0,0.252899,0.270363,0.235436,44,69
2026-07-20,2026-09-30,72,696.06,696.0,0.250984,0.268348,0.23362,21,28
2026-07-20,2026-10-16,88,696.06,696.0,0.253059,0.273643,0.232475,6,29
2026-07-20,2026-11-20,123,696.06,695.0,0.262047,0.292427,0.231667,78,143
2026-07-20,2026-12-18,151,696.06,695.0,0.259159,0.28923,0.229088,1247,1249
2026-07-20,2026-12-31,164,696.06,695.0,0.258289,0.286964,0.229614,926,518
2026-07-20,2027-01-15,179,696.06,695.0,0.258941,0.289802,0.228081,2421,1202
2026-07-20,2027-02-19,214,696.06,695.0,0.26152,0.295761,0.22728,27,36
2026-07-20,2027-03-19,242,696.06,695.0,0.266231,0.305808,0.226654,864,580
2026-07-20,2027-03-31,254,696.06,695.0,0.267139,0.304694,0.229584,188,162
2026-07-20,2027-06-17,332,696.06,695.0,0.274204,0.3161,0.232307,970,1001
2026-07-20,2027-06-30,345,696.06,695.0,0.274316,0.318381,0.230251,8,44
2026-07-20,2027-09-17,424,696.06,695.0,0.276399,0.325545,0.227253,225,151
2026-07-20,2027-12-17,515,696.06,695.0,0.277359,0.331298,0.223419,692,564
2026-07-20,2028-01-21,550,696.06,695.0,0.27872,0.333556,0.223885,69,25
2026-07-20,2028-06-16,697,696.06,695.0,0.28022,0.341727,0.218712,896,231
2026-07-20,2028-12-15,879,696.06,695.0,0.27997,0.348658,0.211281,107,253
2026-07-21,2026-07-21,0,708.97,709.0,0.02125,,0.02125,1697,320
2026-07-21,2026-07-22,1,708.97,709.0,0.169778,0.165963,0.173592,881,196
2026-07-21,2026-07-23,2,708.97,709.0,0.208077,0.20533,0.210823,269,271
2026-07-21,2026-07-24,3,708.97,709.0,0.219185,0.220711,0.217659,680,834
2026-07-21,2026-07-27,6,708.97,709.0,0.197731,0.199501,0.195961,289,51
2026-07-21,2026-07-28,7,708.97,709.0,0.206581,0.209297,0.203865,457,207
2026-07-21,2026-07-29,8,708.97,709.0,0.225166,0.228859,0.221474,38,90
2026-07-21,2026-07-30,9,708.97,709.0,0.238823,0.242958,0.234688,20,7
2026-07-21,2026-07-31,10,708.97,709.0,0.248482,0.254463,0.2425,542,776
2026-07-21,2026-08-07,17,708.97,709.0,0.243767,0.252418,0.235115,281,227
2026-07-21,2026-08-14,24,708.97,709.0,0.240707,0.251488,0.229927,126,140
2026-07-21,2026-08-21,31,708.97,709.0,0.238022,0.250587,0.225456,155,36
2026-07-21,2026-08-28,38,708.97,709.0,0.240234,0.254478,0.22599,45,916
2026-07-21,2026-08-31,41,708.97,709.0,0.236763,0.250954,0.222572,77,79
2026-07-21,2026-09-18,59,708.97,709.0,0.241341,0.259361,0.22332,141,37
2026-07-21,2026-09-30,71,708.97,709.0,0.240082,0.257484,0.222679,24,51
2026-07-21,2026-10-16,87,708.97,709.0,0.264778,0.264778,,4,
2026-07-21,2026-11-20,122,708.97,710.0,0.249992,0.275764,0.22422,351,508
2026-07-21,2026-12-18,150,708.97,710.0,0.252407,0.281677,0.223137,4129,2489
2026-07-21,2026-12-31,163,708.97,710.0,0.254284,0.283615,0.224953,1828,1687
2026-07-21,2027-01-15,178,708.97,710.0,0.255634,0.286674,0.224594,1499,1614
2026-07-21,2027-02-19,213,708.97,710.0,0.25888,0.293495,0.224266,73,46
2026-07-21,2027-03-19,241,708.97,710.0,0.261516,0.299186,0.223847,2470,1144
2026-07-21,2027-03-31,253,708.97,710.0,0.263954,0.300773,0.227135,421,464
2026-07-21,2027-06-17,331,708.97,710.0,0.270912,0.314597,0.227226,2916,3394
2026-07-21,2027-06-30,344,708.97,710.0,0.271827,0.31636,0.227295,74,73
2026-07-21,2027-09-17,423,708.97,710.0,0.273914,0.324058,0.22377,799,714
2026-07-21,2027-12-17,514,708.97,710.0,0.275257,0.330207,0.220307,923,2176
2026-07-21,2028-01-21,549,708.97,710.0,0.275634,0.33174,0.219528,213,308
2026-07-21,2028-06-16,696,708.97,710.0,0.277454,0.340491,0.214417,172,115
2026-07-21,2028-12-15,878,708.97,710.0,0.279214,0.349013,0.209416,239,318
2026-07-22,2026-07-22,0,705.35,705.0,0.095407,0.177376,0.013438,3084,6011
2026-07-22,2026-07-23,1,705.35,705.0,0.205178,0.25898,0.151376,912,1370
2026-07-22,2026-07-24,2,705.35,705.0,0.22419,0.267524,0.180855,9296,8805
2026-07-22,2026-07-27,5,705.35,705.0,0.198189,0.230476,0.165902,490,629
2026-07-22,2026-07-28,6,705.35,705.0,0.20942,0.242378,0.176461,637,324
2026-07-22,2026-07-29,7,705.35,705.0,0.227715,0.258674,0.196755,281,457
2026-07-22,2026-07-30,8,705.35,705.0,0.244469,0.274665,0.214272,805,407
2026-07-22,2026-07-31,9,705.35,705.0,0.255867,0.286567,0.225166,997,4403
2026-07-22,2026-08-07,16,705.35,705.0,0.249962,0.276954,0.222969,568,4040
2026-07-22,2026-08-14,23,705.35,705.0,0.247337,0.273719,0.220955,2350,2952
2026-07-22,2026-08-21,30,705.35,705.0,0.24411,0.270134,0.218086,3631,44311
2026-07-22,2026-08-28,37,705.35,705.0,0.248604,0.274971,0.222237,87,136
2026-07-22,2026-08-31,40,705.35,705.0,0.242996,0.268013,0.21798,202,448
2026-07-22,2026-09-18,58,705.35,705.0,0.246727,0.273765,0.219689,4461,5496
2026-07-22,2026-09-30,70,705.35,705.0,0.247269,0.273689,0.220848,442,255
2026-07-22,2026-10-16,86,705.35,705.0,0.25029,0.278968,0.221611,785,2623
2026-07-22,2026-11-20,121,705.35,705.0,0.258487,0.293159,0.223816,160,76
2026-07-22,2026-12-18,149,705.35,705.0,0.258487,0.293937,0.223038,2381,2668
2026-07-22,2026-12-31,162,705.35,705.0,0.261741,0.296073,0.227409,2022,300
2026-07-22,2027-01-15,177,705.35,705.0,0.261589,0.299018,0.224159,1451,1014
2026-07-22,2027-02-19,212,705.35,705.0,0.263946,0.304611,0.223282,67,143
2026-07-22,2027-03-19,240,705.35,705.0,0.267044,0.310111,0.223976,543,2118
2026-07-22,2027-03-31,252,705.35,705.0,0.271743,0.313857,0.22963,299,1768
2026-07-22,2027-06-17,330,705.35,705.0,0.277412,0.32717,0.227654,2351,2914
2026-07-22,2027-06-30,343,705.35,705.0,0.276443,0.324637,0.228249,1123,38
2026-07-22,2027-09-17,422,705.35,705.0,0.278535,0.332923,0.224148,324,287
2026-07-22,2027-12-17,513,705.35,705.0,0.279289,0.338599,0.219979,238,195
2026-07-22,2028-01-21,548,705.35,705.0,0.279085,0.339461,0.218708,111,108
2026-07-22,2028-06-16,695,705.35,705.0,0.280719,0.347655,0.213783,233,341
2026-07-22,2028-12-15,877,705.35,705.0,0.281154,0.354522,0.207787,115,469
2026-07-23,2026-07-23,0,691.96,692.0,0.20765,0.20765,,139,1890
2026-07-23,2026-07-24,1,691.96,692.0,0.211891,0.287239,0.136544,237,1438
2026-07-23,2026-07-27,4,691.96,692.0,0.200417,0.248543,0.152291,97,206
2026-07-23,2026-07-28,5,691.96,692.0,0.217705,0.262184,0.173226,35,186
2026-07-23,2026-07-29,6,691.96,692.0,0.243294,0.285652,0.200936,40,509
2026-07-23,2026-07-30,7,691.96,692.0,0.263405,0.304389,0.22242,17,17
2026-07-23,2026-07-31,8,691.96,692.0,0.281471,0.328742,0.2342,95,19987
2026-07-23,2026-08-07,15,691.96,692.0,0.27288,0.312141,0.23362,43,521
2026-07-23,2026-08-14,22,691.96,692.0,0.267601,0.303809,0.231392,14,103
2026-07-23,2026-08-21,29,691.96,692.0,0.259773,0.291664,0.227882,29,169
2026-07-23,2026-08-28,36,691.96,692.0,0.260963,0.292121,0.229805,49,32
2026-07-23,2026-08-31,39,691.96,692.0,0.256462,0.286872,0.226051,49,37
2026-07-23,2026-09-18,57,691.96,692.0,0.256782,0.288627,0.224938,86,55
2026-07-23,2026-09-30,69,691.96,692.0,0.257263,0.288566,0.22596,7,25
2026-07-23,2026-10-16,85,691.96,692.0,0.261787,0.298255,0.225319,1,11
2026-07-23,2026-11-20,120,691.96,690.0,0.264026,0.300613,0.22744,69,376
2026-07-23,2026-12-18,148,691.96,690.0,0.265545,0.304878,0.226212,12670,6023
2026-07-23,2026-12-31,161,691.96,690.0,0.265709,0.303382,0.228035,534,1146
2026-07-23,2027-01-15,176,691.96,690.0,0.265243,0.30474,0.225746,10307,1471
2026-07-23,2027-02-19,211,691.96,690.0,0.26902,0.313071,0.224968,29,409
2026-07-23,2027-03-19,239,691.96,690.0,0.271351,0.318404,0.224297,765,1217
2026-07-23,2027-03-31,251,691.96,690.0,0.273376,0.318168,0.228584,660,57
2026-07-23,2027-06-17,329,691.96,690.0,0.27919,0.330215,0.228165,1600,1901
2026-07-23,2027-06-30,342,691.96,690.0,0.278137,0.328589,0.227684,23,8
2026-07-23,2027-09-17,421,691.96,690.0,0.280414,0.336204,0.224625,153,4296
2026-07-23,2027-12-17,512,691.96,690.0,0.281377,0.34172,0.221035,1002,3098
2026-07-23,2028-01-21,547,691.96,690.0,0.282129,0.344413,0.219845,340,41
2026-07-23,2028-06-16,694,691.96,690.0,0.282753,0.351661,0.213845,555,925
2026-07-23,2028-12-15,876,691.96,690.0,0.282402,0.35781,0.206993,135,661
2026-07-24,2026-07-24,0,684.23,684.0,0.023875,0.033335,0.014414,155,3301
2026-07-24,2026-07-27,3,684.23,684.0,0.155343,0.160409,0.150277,32,464
2026-07-24,2026-07-28,4,684.23,684.0,0.191414,0.19703,0.185799,103,210
2026-07-24,2026-07-29,5,684.23,684.0,0.228462,0.234444,0.222481,45,238
2026-07-24,2026-07-30,6,684.23,684.0,0.255195,0.261543,0.248848,2,126
2026-07-24,2026-07-31,7,684.23,684.0,0.270393,0.278816,0.26197,86,2871
2026-07-24,2026-08-03,10,684.23,684.0,0.250648,0.258858,0.242439,7,38
2026-07-24,2026-08-04,11,684.23,684.0,0.255745,0.264229,0.247261,1,12
2026-07-24,2026-08-05,12,684.23,684.0,0.250191,,0.250191,,151
2026-07-24,2026-08-06,13,684.23,685.0,0.259163,0.268501,0.249824,6,84
2026-07-24,2026-08-07,14,684.23,684.0,0.265449,0.2761,0.254799,2,180
2026-07-24,2026-08-14,21,684.23,684.0,0.26226,0.274849,0.249672,14,163
2026-07-24,2026-08-21,28,684.23,684.0,0.258339,0.272163,0.244514,45,130
2026-07-24,2026-08-28,35,684.23,684.0,0.260536,0.276252,0.24482,3,36
2026-07-24,2026-08-31,38,684.23,684.0,0.255195,0.269905,0.240486,17,481
2026-07-24,2026-09-04,42,684.23,694.0,0.24839,0.265556,0.231224,15,54
2026-07-24,2026-09-18,56,684.23,684.0,0.256622,0.275795,0.23745,14,20
2026-07-24,2026-09-30,68,684.23,684.0,0.25518,0.273353,0.237007,17,28
2026-07-24,2026-10-16,84,684.23,684.0,0.235222,,0.235222,,8
2026-07-24,2026-11-20,119,684.23,685.0,0.261642,0.289619,0.233666,17,40
2026-07-24,2026-12-18,147,684.23,685.0,0.261417,0.291603,0.231232,2911,2518
2026-07-24,2026-12-31,160,684.23,685.0,0.262977,0.291862,0.234093,2252,309
2026-07-24,2027-01-15,175,684.23,685.0,0.262565,0.29467,0.230461,2336,1799
2026-07-24,2027-02-19,210,684.23,685.0,0.263637,0.298316,0.228958,29,38
2026-07-24,2027-03-19,238,684.23,685.0,0.267379,0.305808,0.228951,1148,4196
2026-07-24,2027-03-31,250,684.23,685.0,0.271728,0.309707,0.233749,376,169
2026-07-24,2027-06-17,328,684.23,685.0,0.277168,0.322059,0.232277,1936,1182
2026-07-24,2027-06-30,341,684.23,685.0,0.275669,0.320243,0.231094,34,25
2026-07-24,2027-09-17,420,684.23,685.0,0.278263,0.328673,0.227852,182,236
2026-07-24,2027-12-17,511,684.23,685.0,0.279132,0.334327,0.223938,304,602
2026-07-24,2028-01-21,546,684.23,685.0,0.280452,0.336875,0.22403,142,33
2026-07-24,2028-06-16,693,684.23,685.0,0.28152,0.345321,0.21772,311,211
2026-07-24,2028-12-15,875,684.23,685.0,0.281545,0.352507,0.210583,41,150
2026-07-27,2026-07-27,0,682.12,682.0,0.023997,0.022959,0.025034,965,1636
2026-07-27,2026-07-28,1,682.12,682.0,0.19114,0.193123,0.189156,154,544
2026-07-27,2026-07-29,2,682.12,682.0,0.247902,0.249702,0.246101,46,243
2026-07-27,2026-07-30,3,682.12,682.0,0.283668,0.287178,0.280159,128,227
2026-07-27,2026-07-31,4,682.12,682.0,0.296119,0.30268,0.289558,175,11521
2026-07-27,2026-08-03,7,682.12,682.0,0.259422,0.265114,0.253731,224,181
2026-07-27,2026-08-04,8,682.12,682.0,0.264473,0.271003,0.257942,10,15
2026-07-27,2026-08-05,9,682.12,682.0,0.267448,0.274421,0.260475,5,38
2026-07-27,2026-08-06,10,682.12,682.0,0.269096,0.276496,0.261696,1,24
2026-07-27,2026-08-07,11,682.12,682.0,0.273857,0.282966,0.264747,328,246
2026-07-27,2026-08-14,18,682.12,682.0,0.263725,0.274665,0.252785,12,141
2026-07-27,2026-08-21,25,682.12,682.0,0.257759,0.270607,0.244911,56,202
2026-07-27,2026-08-28,32,682.12,682.0,0.258201,0.272468,0.243935,17,71
2026-07-27,2026-08-31,35,682.12,682.0,0.252357,0.265663,0.239052,33,88
2026-07-27,2026-09-04,39,682.12,682.0,0.257194,0.273262,0.241127,1,6
2026-07-27,2026-09-18,53,682.12,682.0,0.252342,0.270759,0.233925,11,75
2026-07-27,2026-09-30,65,682.12,682.0,0.249802,0.267494,0.232109,3,32
2026-07-27,2026-10-16,81,682.12,682.0,0.253662,0.275779,0.231545,9,199
2026-07-27,2026-11-20,116,682.12,680.0,0.256859,0.282966,0.230751,175,1186
2026-07-27,2026-12-18,144,682.12,680.0,0.257652,0.286872,0.228432,13946,50978
2026-07-27,2026-12-31,157,682.12,680.0,0.257377,0.287055,0.227699,4542,3079
2026-07-27,2027-01-15,172,682.12,680.0,0.2588,0.29103,0.22657,6948,9699
2026-07-27,2027-02-19,207,682.12,680.0,0.260841,0.296104,0.225578,83,349
2026-07-27,2027-03-19,235,682.12,680.0,0.263942,0.302398,0.225487,1254,11106
2026-07-27,2027-03-31,247,682.12,680.0,0.264465,0.302863,0.226067,1562,529
2026-07-27,2027-06-17,325,682.12,680.0,0.273594,0.318389,0.228798,2842,1110
2026-07-27,2027-06-30,338,682.12,680.0,0.272697,0.318099,0.227295,33,30
2026-07-27,2027-09-17,417,682.12,680.0,0.275529,0.326568,0.224491,112,2022
2026-07-27,2027-12-17,508,682.12,680.0,0.277212,0.33261,0.221813,482,4325
2026-07-27,2028-01-21,543,682.12,680.0,0.278869,0.335135,0.222603,2935,185
2026-07-27,2028-06-16,690,682.12,680.0,0.280887,0.345305,0.216469,86,5207
2026-07-27,2028-12-15,872,682.12,680.0,0.281066,0.351432,0.210701,107,161
2026-07-28,2026-07-28,0,675.49,675.0,0.029307,0.034433,0.02418,429,4383
2026-07-28,2026-07-29,1,675.49,675.0,0.243507,0.246773,0.240242,385,3160
2026-07-28,2026-07-30,2,675.49,675.0,0.287544,0.291999,0.283088,187,1390
2026-07-28,2026-07-31,3,675.49,675.0,0.299568,0.306831,0.292304,1789,19178
2026-07-28,2026-08-03,6,675.49,675.0,0.258354,0.265724,0.250984,263,1245
2026-07-28,2026-08-04,7,675.49,675.0,0.264518,0.271888,0.257149,204,879
2026-07-28,2026-08-05,8,675.49,675.0,0.268776,0.276435,0.261116,179,559
2026-07-28,2026-08-06,9,675.49,675.0,0.270347,0.278633,0.262062,276,313
2026-07-28,2026-08-07,10,675.49,675.0,0.275306,0.285133,0.26548,187,6481
2026-07-28,2026-08-14,17,675.49,675.0,0.266472,0.278236,0.254707,71,1123
2026-07-28,2026-08-21,24,675.49,675.0,0.260528,0.273979,0.247078,3313,20581
2026-07-28,2026-08-28,31,675.49,675.0,0.260643,0.275917,0.245369,58,514
2026-07-28,2026-08-31,34,675.49,675.0,0.25618,0.271858,0.240501,123,1108
2026-07-28,2026-09-04,38,675.49,675.0,0.259567,0.276069,0.243065,5,42
2026-07-28,2026-09-18,52,675.49,675.0,0.254165,0.273384,0.234947,10438,14576
2026-07-28,2026-09-30,64,675.49,675.0,0.253158,0.271431,0.234886,466,708
2026-07-28,2026-10-16,80,675.49,675.0,0.252983,0.275428,0.230537,410,4636
2026-07-28,2026-11-20,115,675.49,675.0,0.256645,0.283683,0.229607,25,870
2026-07-28,2026-12-18,143,675.49,675.0,0.25581,0.28585,0.225769,1342,10684
2026-07-28,2026-12-31,156,675.49,675.0,0.25766,0.286262,0.229057,3742,768
2026-07-28,2027-01-15,171,675.49,675.0,0.256702,0.28881,0.224594,4617,2683
2026-07-28,2027-02-19,206,675.49,675.0,0.260124,0.294578,0.22567,66,120
2026-07-28,2027-03-19,234,675.49,675.0,0.26305,0.301101,0.224999,1539,753
2026-07-28,2027-03-31,246,675.49,675.0,0.263599,0.303512,0.223686,525,288
2026-07-28,2027-06-17,324,675.49,675.0,0.269752,0.317031,0.222473,2054,5198
2026-07-28,2027-06-30,337,675.49,675.0,0.270157,0.31684,0.223473,39,86
2026-07-28,2027-09-17,416,675.49,675.0,0.275402,0.325919,0.224884,236,103
2026-07-28,2027-12-17,507,675.49,675.0,0.276683,0.331985,0.221382,401,2650
2026-07-28,2028-01-21,542,675.49,675.0,0.278472,0.334701,0.222244,218,100
2026-07-28,2028-06-16,689,675.49,675.0,0.278728,0.342528,0.214928,239,127
2026-07-28,2028-12-15,871,675.49,675.0,0.278772,0.349299,0.208245,70,113
2026-07-29,2026-07-29,0,661.73,662.0,0.072458,0.029795,0.115121,34,5008
2026-07-29,2026-07-30,1,661.73,662.0,0.280098,0.260139,0.300056,63,335
2026-07-29,2026-07-31,2,661.73,662.0,0.318488,0.307624,0.329352,296,1385
2026-07-29,2026-08-03,5,661.73,662.0,0.283149,,0.283149,,176
2026-07-29,2026-08-04,6,661.73,663.0,0.291694,,0.291694,,80
2026-07-29,2026-08-05,7,661.73,662.0,0.295356,,0.295356,,36
2026-07-29,2026-08-06,8,661.73,662.0,0.297065,,0.297065,,35
2026-07-29,2026-08-07,9,661.73,662.0,0.298271,0.295967,0.300575,25,99
2026-07-29,2026-08-14,16,661.73,662.0,0.286506,0.288764,0.284248,15,211
2026-07-29,2026-08-21,23,661.73,662.0,0.278099,0.283241,0.272956,43,557
2026-07-29,2026-08-28,30,661.73,662.0,0.277137,0.284706,0.269569,38,53
2026-07-29,2026-08-31,33,661.73,662.0,0.266212,,0.266212,,53
2026-07-29,2026-09-04,37,661.73,662.0,0.265678,,0.265678,,30
2026-07-29,2026-09-18,51,661.73,662.0,0.267013,0.279777,0.254249,8,46
2026-07-29,2026-09-30,63,661.73,662.0,0.263603,0.275734,0.251472,3,54
2026-07-29,2026-10-16,79,661.73,662.0,0.264374,0.280326,0.248421,3,118
2026-07-29,2026-11-20,114,661.73,660.0,0.269909,0.294479,0.245338,54,902
2026-07-29,2026-12-18,142,661.73,660.0,0.271213,0.301124,0.241302,14253,195410
2026-07-29,2026-12-31,155,661.73,660.0,0.269184,0.294761,0.243607,2321,1128
2026-07-29,2027-01-15,170,661.73,660.0,0.266933,0.294784,0.239082,6754,5954
2026-07-29,2027-02-19,205,661.73,660.0,0.267914,0.299339,0.236488,75,3618
2026-07-29,2027-03-19,233,661.73,660.0,0.270248,0.304939,0.235558,1933,1750
2026-07-29,2027-03-31,245,661.73,660.0,0.273315,0.306525,0.240105,503,242
2026-07-29,2027-06-17,323,661.73,660.0,0.279647,0.321708,0.237587,2871,16172
2026-07-29,2027-06-30,336,661.73,660.0,0.278179,0.319427,0.236931,11,3075
2026-07-29,2027-09-17,415,661.73,660.0,0.280029,0.327094,0.232964,2313,159
2026-07-29,2027-12-17,506,661.73,660.0,0.280593,0.332282,0.228905,950,1751
2026-07-29,2028-01-21,541,661.73,660.0,0.280876,0.334067,0.227684,298,409
2026-07-29,2028-06-16,688,661.73,660.0,0.282224,0.342933,0.221516,328,223
2026-07-29,2028-12-15,870,661.73,660.0,0.281908,0.349345,0.21447,205,243
2026-07-30,2026-07-30,0,683.55,684.0,0.163705,0.163705,,2333,316
2026-07-30,2026-07-31,1,683.55,684.0,0.224617,0.282844,0.16639,4403,8746
2026-07-30,2026-08-03,4,683.55,684.0,0.203194,0.2425,0.163888,234,287
2026-07-30,2026-08-04,5,683.55,684.0,0.223244,0.260261,0.186226,83,41
2026-07-30,2026-08-05,6,683.55,684.0,0.237144,0.271949,0.20234,87,175
2026-07-30,2026-08-06,7,683.55,684.0,0.242531,0.275947,0.209114,30,175
2026-07-30,2026-08-07,8,683.55,684.0,0.251289,0.285133,0.217446,2520,310
2026-07-30,2026-08-14,15,683.55,684.0,0.251259,0.280921,0.221596,134,287
2026-07-30,2026-08-21,22,683.55,684.0,0.248939,0.277107,0.220772,2241,262
2026-07-30,2026-08-28,29,683.55,684.0,0.251755,0.279487,0.224022,57,122
2026-07-30,2026-08-31,32,683.55,684.0,0.248398,0.275261,0.221535,130,518
2026-07-30,2026-09-04,36,683.55,684.0,0.254173,0.281959,0.226387,29,28
2026-07-30,2026-09-18,50,683.55,684.0,0.248497,0.276481,0.220513,230,131
2026-07-30,2026-09-30,62,683.55,684.0,0.252479,0.283927,0.221031,102,43
2026-07-30,2026-10-16,78,683.55,684.0,0.254433,0.28733,0.221535,56,82
2026-07-30,2026-11-20,113,683.55,685.0,0.257057,0.293723,0.22039,282,85
2026-07-30,2026-12-18,141,683.55,685.0,0.257339,0.295829,0.218849,2924,2727
2026-07-30,2026-12-31,154,683.55,685.0,0.255783,0.290199,0.221367,2252,310
2026-07-30,2027-01-15,169,683.55,685.0,0.254482,0.29074,0.218224,2374,1758
2026-07-30,2027-02-19,204,683.55,685.0,0.256252,0.295471,0.217034,40,52
2026-07-30,2027-03-19,232,683.55,685.0,0.258873,0.300865,0.216881,1154,4191
2026-07-30,2027-03-31,244,683.55,685.0,0.263855,0.305152,0.222557,588,170
2026-07-30,2027-06-17,322,683.55,685.0,0.271446,0.319327,0.223564,1974,1242
2026-07-30,2027-06-30,335,683.55,685.0,0.266132,0.309226,0.223038,73,47
2026-07-30,2027-09-17,414,683.55,685.0,0.272468,0.325202,0.219734,200,239
2026-07-30,2027-12-17,505,683.55,685.0,0.273578,0.330886,0.216271,303,589
2026-07-30,2028-01-21,540,683.55,685.0,0.273752,0.332271,0.215233,155,25
2026-07-30,2028-06-16,687,683.55,685.0,0.276773,0.342441,0.211106,318,207
2026-07-30,2028-12-15,869,683.55,685.0,0.277799,0.349814,0.205784,45,166
2026-07-31,2026-07-31,0,687.99,688.0,0.022959,0.01356,0.032358,4174,1684
2026-07-31,2026-08-03,3,687.99,688.0,0.13453,0.130685,0.138375,640,435
2026-07-31,2026-08-04,4,687.99,688.0,0.170296,0.169503,0.17109,275,176
2026-07-31,2026-08-05,5,687.99,688.0,0.190407,0.18995,0.190865,161,142
2026-07-31,2026-08-06,6,687.99,688.0,0.202202,0.203225,0.20118,477,113
2026-07-31,2026-08-07,7,687.99,688.0,0.214974,0.217659,0.212288,543,385
2026-07-31,2026-08-14,14,687.99,688.0,0.224129,0.230293,0.217964,96,224
2026-07-31,2026-08-21,21,687.99,688.0,0.225899,0.234993,0.216805,601,750
2026-07-31,2026-08-28,28,687.99,688.0,0.232124,0.242561,0.221687,183,76
2026-07-31,2026-08-31,31,687.99,688.0,0.22953,0.239784,0.219277,199,272
2026-07-31,2026-09-04,35,687.99,688.0,0.234978,0.247414,0.222542,16,26
2026-07-31,2026-09-18,49,687.99,688.0,0.233528,0.248756,0.2183,173,166
2026-07-31,2026-09-30,61,687.99,688.0,0.234222,0.247978,0.220467,20,115
2026-07-31,2026-10-16,77,687.99,688.0,0.237938,0.255562,0.220314,93,325
2026-07-31,2026-11-20,112,687.99,690.0,0.244652,0.269493,0.219811,623,2160
2026-07-31,2026-12-18,140,687.99,690.0,0.245056,0.272194,0.217919,12952,7941
2026-07-31,2026-12-31,153,687.99,690.0,0.24789,0.274788,0.220993,513,1154
2026-07-31,2027-01-15,168,687.99,690.0,0.246723,0.276367,0.217079,10217,1577
2026-07-31,2027-02-19,203,687.99,690.0,0.249267,0.282341,0.216194,44,475
2026-07-31,2027-03-19,231,687.99,690.0,0.252556,0.288444,0.216667,818,4049
2026-07-31,2027-03-31,243,687.99,690.0,0.256939,0.293037,0.220841,1198,58
2026-07-31,2027-06-17,321,687.99,690.0,0.263511,0.306609,0.220413,1676,3085
2026-07-31,2027-06-30,334,687.99,690.0,0.262924,0.30574,0.220108,91,20
2026-07-31,2027-09-17,413,687.99,690.0,0.266201,0.314986,0.217415,785,4773
2026-07-31,2027-12-17,504,687.99,690.0,0.268106,0.321727,0.214485,1021,4093
2026-07-31,2028-01-21,539,687.99,690.0,0.26905,0.323493,0.214607,340,51
2026-07-31,2028-06-16,686,687.99,690.0,0.270298,0.332885,0.207711,562,924
2026-07-31,2028-12-15,868,687.99,690.0,0.272445,0.343352,0.201538,274,691
2026-08-03,2026-08-03,0,700.07,700.0,0.023142,0.033091,0.013193,12690,989
2026-08-03,2026-08-04,1,700.07,700.0,0.15693,0.163705,0.150155,2373,620
2026-08-03,2026-08-05,2,700.07,700.0,0.182259,0.18818,0.176339,1907,125
2026-08-03,2026-08-06,3,700.07,700.0,0.193612,0.199593,0.18763,2287,112
2026-08-03,2026-08-07,4,700.07,700.0,0.20591,0.213692,0.198128,17034,18354
2026-08-03,2026-08-10,7,700.07,700.0,0.18673,0.1941,0.17936,3073,99
2026-08-03,2026-08-11,8,700.07,700.0,0.192467,0.200325,0.184609,453,33
2026-08-03,2026-08-12,9,700.07,700.0,0.201195,0.209725,0.192666,383,15
2026-08-03,2026-08-13,10,700.07,700.0,0.205651,0.214394,0.196907,158,5
2026-08-03,2026-08-14,11,700.07,700.0,0.21003,0.220284,0.199776,11628,1639
2026-08-03,2026-08-21,18,700.07,700.0,0.211891,0.223885,0.199898,51478,56422
2026-08-03,2026-08-28,25,700.07,700.0,0.219719,0.232979,0.206459,1178,500
2026-08-03,2026-08-31,28,700.07,700.0,0.214913,0.228218,0.201607,25061,3229
2026-08-03,2026-09-04,32,700.07,700.0,0.221367,0.23658,0.206154,509,92
2026-08-03,2026-09-11,39,700.07,700.0,0.220009,0.236092,0.203926,19,6
2026-08-03,2026-09-18,46,700.07,700.0,0.222984,0.240272,0.205696,27364,63270
2026-08-03,2026-09-30,58,700.07,700.0,0.222466,0.238502,0.206429,2743,2292
2026-08-03,2026-10-16,74,700.07,700.0,0.228478,0.247841,0.209114,14746,9448
2026-08-03,2026-10-30,88,700.07,700.0,0.233376,0.255546,0.211205,117,42
2026-08-03,2026-11-20,109,700.07,700.0,0.237793,0.262855,0.212731,1386,560
2026-08-03,2026-12-18,137,700.07,700.0,0.240826,0.269127,0.212525,33221,42300
2026-08-03,2026-12-31,150,700.07,700.0,0.241531,0.270012,0.213051,2144,1077
2026-08-03,2027-01-15,165,700.07,700.0,0.242565,0.272873,0.212258,16686,19402
2026-08-03,2027-02-19,200,700.07,700.0,0.245537,0.279533,0.21154,540,3324
2026-08-03,2027-03-19,228,700.07,700.0,0.248932,0.285835,0.212029,2598,7985
2026-08-03,2027-03-31,240,700.07,700.0,0.249969,0.287277,0.212662,599,160
2026-08-03,2027-06-17,318,700.07,700.0,0.260196,0.301429,0.218964,6299,10531
2026-08-03,2027-06-30,331,700.07,700.0,0.258419,0.299255,0.217583,1767,277
2026-08-03,2027-09-17,410,700.07,700.0,0.262462,0.311622,0.213303,1152,4802
2026-08-03,2027-12-17,501,700.07,700.0,0.264862,0.31916,0.210564,3425,5464
2026-08-03,2028-01-21,536,700.07,700.0,0.26552,0.320602,0.210438,4285,2832
2026-08-03,2028-06-16,683,700.07,700.0,0.268572,0.330844,0.206299,948,700
2026-08-03,2028-12-15,865,700.07,700.0,0.269407,0.336619,0.202195,2831,2182
2026-08-04,2026-08-04,0,723.85,724.0,0.060007,0.081552,0.038462,207,0
2026-08-04,2026-08-05,1,723.85,724.0,0.124582,0.061411,0.187752,80,2
2026-08-04,2026-08-06,2,723.85,724.0,0.182931,0.160592,0.205269,143,0
2026-08-04,2026-08-07,3,723.85,724.0,0.233528,0.252205,0.214852,2667,1
2026-08-04,2026-08-10,6,723.85,724.0,0.234535,0.220894,0.248176,495,0
2026-08-04,2026-08-11,7,723.85,724.0,0.225807,0.225807,,101,
2026-08-04,2026-08-12,8,723.85,724.0,0.278389,0.278389,,92,
2026-08-04,2026-08-13,9,723.85,724.0,0.278938,0.278938,,86,
2026-08-04,2026-08-14,10,723.85,724.0,0.26609,0.280738,0.251442,512,7
2026-08-04,2026-08-21,17,723.85,724.0,0.252937,0.269844,0.236031,853,14
2026-08-04,2026-08-28,24,723.85,724.0,0.257782,0.272636,0.242927,578,30
2026-08-04,2026-08-31,27,723.85,724.0,0.238007,0.240349,0.235664,154,101
2026-08-04,2026-09-04,31,723.85,724.0,0.253296,0.27198,0.234612,76,1
2026-08-04,2026-09-11,38,723.85,724.0,0.268318,0.268318,,14,
2026-08-04,2026-09-18,45,723.85,724.0,0.244354,0.270378,0.218331,410,2
2026-08-04,2026-09-30,57,723.85,724.0,0.24823,0.266792,0.229668,94,98
2026-08-04,2026-10-16,73,723.85,724.0,0.253486,0.274147,0.232826,54,5
2026-08-04,2026-10-30,87,723.85,724.0,0.25531,0.278251,0.232369,37,2
2026-08-04,2026-11-20,108,723.85,725.0,0.256992,0.283142,0.230843,3125,170
2026-08-04,2026-12-18,136,723.85,725.0,0.25243,0.286201,0.218659,4337,3548
2026-08-04,2026-12-31,149,723.85,725.0,0.259334,0.289504,0.229164,708,1151
2026-08-04,2027-01-15,164,723.85,725.0,0.258941,0.291534,0.226349,6618,2648
2026-08-04,2027-02-19,199,723.85,725.0,0.262104,0.297683,0.226524,142,64
2026-08-04,2027-03-19,227,723.85,725.0,0.264286,0.303039,0.225533,1852,2501
2026-08-04,2027-03-31,239,723.85,725.0,0.263969,0.301811,0.226128,415,397
2026-08-04,2027-06-17,317,723.85,725.0,0.267666,0.312667,0.222664,2209,10721
2026-08-04,2027-06-30,330,723.85,725.0,0.26511,0.310134,0.220085,138,106
2026-08-04,2027-09-17,409,723.85,725.0,0.26707,0.316657,0.217484,576,1664
2026-08-04,2027-12-17,500,723.85,725.0,0.269287,0.323951,0.214623,924,868
2026-08-04,2028-01-21,535,723.85,725.0,0.269045,0.324824,0.213265,170,1027
2026-08-04,2028-06-16,682,723.85,725.0,0.270559,0.333003,0.208115,169,361
2026-08-04,2028-12-15,864,723.85,725.0,0.273836,0.343371,0.2043,272,36
2026-08-05,2026-08-05,0,717.3,717.0,0.04603,0.042612,0.049448,2958,2283
2026-08-05,2026-08-06,1,717.3,717.0,0.169442,0.168465,0.170418,547,626
2026-08-05,2026-08-07,2,717.3,717.0,0.196755,0.20002,0.19349,1081,624
2026-08-05,2026-08-10,5,717.3,717.0,0.179085,0.179085,,243,
2026-08-05,2026-08-11,6,717.3,717.0,0.187508,0.187508,,482,
2026-08-05,2026-08-12,7,717.3,717.0,0.197579,0.197579,,105,
2026-08-05,2026-08-13,8,717.3,718.0,0.20298,0.20298,,124,
2026-08-05,2026-08-14,9,717.3,717.5,0.202858,0.209175,0.196541,405,134
2026-08-05,2026-08-21,16,717.3,717.0,0.206505,0.215401,0.197609,784,1155
2026-08-05,2026-08-28,23,717.3,717.0,0.216683,0.227638,0.205727,149,125
2026-08-05,2026-08-31,26,717.3,717.0,0.21328,0.223854,0.202706,118,123
2026-08-05,2026-09-04,30,717.3,717.0,0.221489,0.234596,0.208382,103,124
2026-08-05,2026-09-11,37,717.3,717.0,0.234428,0.234428,,22,
2026-08-05,2026-09-18,44,717.3,717.0,0.221588,0.237038,0.206139,190,444
2026-08-05,2026-09-30,56,717.3,717.0,0.22287,0.237877,0.207863,65,37
2026-08-05,2026-10-16,72,717.3,717.0,0.228706,0.248451,0.208962,100,57
2026-08-05,2026-10-30,86,717.3,717.0,0.255836,0.255836,,109,
2026-08-05,2026-11-20,107,717.3,715.0,0.24205,0.268882,0.215218,588,157
2026-08-05,2026-12-18,135,717.3,715.0,0.243362,0.271812,0.214913,5349,900
2026-08-05,2026-12-31,148,717.3,715.0,0.244732,0.272323,0.21714,1087,746
2026-08-05,2027-01-15,163,717.3,715.0,0.244118,0.273613,0.214623,1523,1912
2026-08-05,2027-02-19,198,717.3,715.0,0.248344,0.281723,0.214966,172,108
2026-08-05,2027-03-19,226,717.3,715.0,0.251953,0.288505,0.215401,17111,1110
2026-08-05,2027-03-31,238,717.3,715.0,0.25555,0.291526,0.219574,915,162
2026-08-05,2027-06-17,316,717.3,715.0,0.262663,0.306449,0.218876,3828,1952
2026-08-05,2027-06-30,329,717.3,715.0,0.26115,0.304069,0.218231,102,1046
2026-08-05,2027-09-17,408,717.3,715.0,0.266311,0.314948,0.217674,482,159
2026-08-05,2027-12-17,499,717.3,715.0,0.269645,0.322806,0.216484,671,719
2026-08-05,2028-01-21,534,717.3,715.0,0.268028,0.323844,0.212212,167,737
2026-08-05,2028-06-16,681,717.3,715.0,0.271953,0.333938,0.209969,255,22
2026-08-05,2028-12-15,863,717.3,715.0,0.273105,0.341208,0.205002,176,415
2026-08-06,2026-08-07,1,714.65,715.0,0.23896,0.280159,0.197762,8154,7662
2026-08-06,2026-08-10,4,714.65,715.0,0.16758,0.190011,0.14515,922,1001
2026-08-06,2026-08-11,5,714.65,715.0,0.179116,0.199044,0.159188,1177,1519
2026-08-06,2026-08-12,6,714.65,715.0,0.190468,0.209603,0.171334,860,350
2026-08-06,2026-08-13,7,714.65,715.0,0.215584,0.215584,,227,
2026-08-06,2026-08-14,8,714.65,715.0,0.200707,0.219887,0.181527,2206,6540
2026-08-06,2026-08-21,15,714.65,715.0,0.201882,0.220284,0.18348,6893,12342
2026-08-06,2026-08-28,22,714.65,715.0,0.212837,0.231453,0.194222,972,379
2026-08-06,2026-08-31,25,714.65,715.0,0.207497,0.225563,0.189431,1240,761
2026-08-06,2026-09-04,29,714.65,715.0,0.215874,0.235573,0.196175,689,410
2026-08-06,2026-09-11,36,714.65,715.0,0.233101,0.233101,,312,
2026-08-06,2026-09-18,43,714.65,715.0,0.216484,0.237495,0.195473,8093,9742
2026-08-06,2026-09-30,55,714.65,715.0,0.216316,0.235573,0.19706,447,556
2026-08-06,2026-10-16,71,714.65,715.0,0.22287,0.245705,0.200035,3936,3367
2026-08-06,2026-10-30,85,714.65,715.0,0.227455,0.251778,0.203133,98,66
2026-08-06,2026-11-20,106,714.65,715.0,0.232979,0.260261,0.205696,570,283
2026-08-06,2026-12-18,134,714.65,715.0,0.236195,0.266639,0.20575,5332,951
2026-08-06,2026-12-31,147,714.65,715.0,0.238258,0.2696,0.206917,1090,750
2026-08-06,2027-01-15,162,714.65,715.0,0.239262,0.272178,0.206345,1523,2066
2026-08-06,2027-02-19,197,714.65,715.0,0.243351,0.279945,0.206757,172,113
2026-08-06,2027-03-19,225,714.65,715.0,0.247902,0.287139,0.208664,17110,1111
2026-08-06,2027-03-31,237,714.65,715.0,0.249332,0.290061,0.208603,780,162
2026-08-06,2027-06-17,315,714.65,715.0,0.256141,0.302352,0.209931,3820,1955
2026-08-06,2027-06-30,328,714.65,715.0,0.260057,0.306125,0.213989,105,1046
2026-08-06,2027-09-17,407,714.65,715.0,0.264036,0.3152,0.212872,433,159
2026-08-06,2027-12-17,498,714.65,715.0,0.26625,0.322105,0.210396,672,719
2026-08-06,2028-01-21,533,714.65,715.0,0.266842,0.323073,0.21061,167,741
2026-08-06,2028-06-16,680,714.65,715.0,0.26831,0.331973,0.204647,254,22
2026-08-06,2028-12-15,862,714.65,715.0,0.272224,0.343028,0.20142,175,415
2026-08-07,2026-08-07,0,723.03,723.0,0.026133,,0.026133,3172,2185
2026-08-07,2026-08-10,3,723.03,723.0,0.102487,0.102487,,852,
2026-08-07,2026-08-11,4,723.03,723.0,0.127511,0.127511,,793,
2026-08-07,2026-08-12,5,723.03,723.0,0.149911,0.149911,,468,
2026-08-07,2026-08-13,6,723.03,723.0,0.162087,0.162087,,145,
2026-08-07,2026-08-14,7,723.03,723.0,0.170251,0.171761,0.16874,1143,379
2026-08-07,2026-08-21,14,723.03,723.0,0.180688,0.186135,0.17524,1834,774
2026-08-07,2026-08-28,21,723.03,723.0,0.196587,0.204689,0.188485,300,88
2026-08-07,2026-08-31,24,723.03,723.0,0.192429,0.200615,0.184243,661,152
2026-08-07,2026-09-04,28,723.03,723.0,0.212593,0.212593,,239,
2026-08-07,2026-09-11,35,723.03,723.0,0.201279,0.213112,0.189446,103,19
2026-08-07,2026-09-18,42,723.03,723.0,0.206147,0.219444,0.192849,489,312
2026-08-07,2026-09-30,54,723.03,723.0,0.20726,0.219856,0.194664,94,69
2026-08-07,2026-10-16,70,723.03,723.0,0.215111,0.231575,0.198647,430,102
2026-08-07,2026-10-30,84,723.03,723.0,0.238991,0.238991,,41,
2026-08-07,2026-11-20,105,723.03,725.0,0.225491,0.247505,0.203476,3126,1189
2026-08-07,2026-12-18,133,723.03,725.0,0.229912,0.25576,0.204064,4302,4436
2026-08-07,2026-12-31,146,723.03,725.0,0.232693,0.259285,0.206101,626,1011
2026-08-07,2027-01-15,161,723.03,725.0,0.232845,0.261329,0.204361,6736,2830
2026-08-07,2027-02-19,196,723.03,725.0,0.237312,0.269767,0.204857,182,85
2026-08-07,2027-03-19,224,723.03,725.0,0.242569,0.277649,0.207489,1864,2545
2026-08-07,2027-03-31,236,723.03,725.0,0.243259,0.277702,0.208817,871,399
2026-08-07,2027-06-17,314,723.03,725.0,0.252384,0.296478,0.20829,2067,10754
2026-08-07,2027-06-30,327,723.03,725.0,0.254562,0.297325,0.2118,153,106
2026-08-07,2027-09-17,406,723.03,725.0,0.258453,0.30706,0.209847,587,1637
2026-08-07,2027-12-17,497,723.03,725.0,0.261171,0.314338,0.208004,936,1122
2026-08-07,2028-01-21,532,723.03,725.0,0.261957,0.316898,0.207016,174,1027
2026-08-07,2028-06-16,679,723.03,725.0,0.265491,0.327186,0.203797,166,361
2026-08-07,2028-12-15,861,723.03,725.0,0.268699,0.338126,0.199273,233,37
2026-08-10,2026-08-10,0,720.87,721.0,0.01179,0.013193,0.010386,2638,2923
2026-08-10,2026-08-11,1,720.87,721.0,0.1186,0.120004,0.117196,571,511
2026-08-10,2026-08-12,2,720.87,721.0,0.155312,0.158578,0.152047,493,344
2026-08-10,2026-08-13,3,720.87,721.0,0.172707,0.176827,0.168587,479,199
2026-08-10,2026-08-14,4,720.87,721.0,0.181038,0.187569,0.174508,2642,2048
2026-08-10,2026-08-17,7,720.87,721.0,0.164757,0.171303,0.158212,168,60
2026-08-10,2026-08-18,8,720.87,721.0,0.169961,0.176583,0.163338,84,128
2026-08-10,2026-08-19,9,720.87,721.0,0.174966,0.181771,0.16816,109,141
2026-08-10,2026-08-20,10,720.87,721.0,0.178353,0.185738,0.170968,50,48
2026-08-10,2026-08-21,11,720.87,721.0,0.183709,0.192605,0.174813,1053,400
2026-08-10,2026-08-28,18,720.87,721.0,0.198891,0.21006,0.187722,497,157
2026-08-10,2026-08-31,21,720.87,721.0,0.193764,0.204995,0.182534,226,178
2026-08-10,2026-09-04,25,720.87,721.0,0.203896,0.217476,0.190316,166,123
2026-08-10,2026-09-11,32,720.87,721.0,0.202683,0.217217,0.188149,179,60
2026-08-10,2026-09-18,39,720.87,721.0,0.207161,0.222939,0.191384,912,205
2026-08-10,2026-09-25,46,720.87,721.0,0.208275,0.222634,0.193917,36,79
2026-08-10,2026-09-30,51,720.87,721.0,0.207733,0.22216,0.193306,105,92
2026-08-10,2026-10-16,67,720.87,721.0,0.215645,0.23394,0.19735,261,97
2026-08-10,2026-10-30,81,720.87,721.0,0.220764,0.24131,0.200219,81,41
2026-08-10,2026-11-20,102,720.87,720.0,0.227608,0.251457,0.203759,5066,2927
2026-08-10,2026-12-18,130,720.87,720.0,0.231537,0.259056,0.204018,11620,7090
2026-08-10,2026-12-31,143,720.87,720.0,0.231751,0.259804,0.203698,2179,2405
2026-08-10,2027-01-15,158,720.87,720.0,0.234142,0.264175,0.20411,2714,6317
2026-08-10,2027-02-19,193,720.87,720.0,0.238892,0.272743,0.20504,268,337
2026-08-10,2027-03-19,221,720.87,720.0,0.242435,0.278144,0.206726,4738,5345
2026-08-10,2027-03-31,233,720.87,720.0,0.243824,0.280578,0.20707,503,517
2026-08-10,2027-06-17,311,720.87,720.0,0.252296,0.296745,0.207848,4695,4417
2026-08-10,2027-06-30,324,720.87,720.0,0.252518,0.297302,0.207733,97,1287
2026-08-10,2027-09-17,403,720.87,720.0,0.258602,0.308212,0.208992,3921,799
2026-08-10,2027-12-17,494,720.87,720.0,0.262167,0.316337,0.207997,980,1264
2026-08-10,2028-01-21,529,720.87,720.0,0.262327,0.318164,0.20649,420,5747
2026-08-10,2028-06-16,676,720.87,720.0,0.266779,0.329783,0.203774,490,19
2026-08-10,2028-12-15,858,720.87,720.0,0.268213,0.338283,0.198143,270,630
2026-08-11,2026-08-11,0,718.45,718.0,0.017588,0.024058,0.011118,1589,2260
2026-08-11,2026-08-12,1,718.45,718.0,0.147775,0.148934,0.146615,351,1019
2026-08-11,2026-08-13,2,718.45,718.0,0.161324,0.16401,0.158639,394,259
2026-08-11,2026-08-14,3,718.45,718.0,0.171426,0.177437,0.165414,1395,673
2026-08-11,2026-08-17,6,718.45,718.0,0.154809,0.160348,0.14927,178,176
2026-08-11,2026-08-18,7,718.45,718.0,0.159661,0.16578,0.153542,69,130
2026-08-11,2026-08-19,8,718.45,718.0,0.164757,0.171181,0.158334,127,3081
2026-08-11,2026-08-20,9,718.45,718.0,0.161813,,0.161813,,50
2026-08-11,2026-08-21,10,718.45,718.0,0.174065,0.182381,0.165749,957,1387
2026-08-11,2026-08-28,17,718.45,718.0,0.190316,0.200753,0.179879,615,284
2026-08-11,2026-08-31,20,718.45,718.0,0.185441,0.195748,0.175133,112,384
2026-08-11,2026-09-04,24,718.45,718.0,0.195504,0.207955,0.183053,237,83
2026-08-11,2026-09-11,31,718.45,718.0,0.194863,0.208565,0.181161,71,616
2026-08-11,2026-09-18,38,718.45,718.0,0.199685,0.21476,0.184609,201,676
2026-08-11,2026-09-25,45,718.45,718.0,0.20176,0.21534,0.18818,23,31
2026-08-11,2026-09-30,50,718.45,718.0,0.201477,0.215264,0.187691,70,102
2026-08-11,2026-10-16,66,718.45,718.0,0.2099,0.227501,0.192299,96,65
2026-08-11,2026-10-30,80,718.45,718.0,0.215752,0.235756,0.195748,82,6
2026-08-11,2026-11-20,101,718.45,720.0,0.220726,0.243843,0.197609,5190,3068
2026-08-11,2026-12-18,129,718.45,720.0,0.225395,0.252281,0.19851,11620,7252
2026-08-11,2026-12-31,142,718.45,720.0,0.227913,0.254661,0.201165,2141,2420
2026-08-11,2027-01-15,157,718.45,720.0,0.228859,0.257683,0.200035,2738,6319
2026-08-11,2027-02-19,192,718.45,720.0,0.23526,0.268219,0.202301,267,337
2026-08-11,2027-03-19,220,718.45,720.0,0.239063,0.274505,0.203621,5592,6406
2026-08-11,2027-03-31,232,718.45,720.0,0.241814,0.278488,0.205139,500,522
2026-08-11,2027-06-17,310,718.45,720.0,0.250915,0.294403,0.207428,4696,4420
2026-08-11,2027-06-30,323,718.45,720.0,0.251163,0.294525,0.207802,97,1287
2026-08-11,2027-09-17,402,718.45,720.0,0.25585,0.303703,0.207997,3923,794
2026-08-11,2027-12-17,493,718.45,720.0,0.257801,0.310943,0.204659,986,1264
2026-08-11,2028-01-21,528,718.45,720.0,0.258848,0.313728,0.203968,426,5785
2026-08-11,2028-06-16,675,718.45,720.0,0.26091,0.323264,0.198555,490,19
2026-08-11,2028-12-15,857,718.45,720.0,0.264169,0.333678,0.194661,341,672
2026-08-12,2026-08-12,0,723.7,724.0,0.025767,0.018076,0.033457,4720,455
2026-08-12,2026-08-13,1,723.7,724.0,0.117746,0.115365,0.120126,940,255
2026-08-12,2026-08-14,2,723.7,724.0,0.136849,0.138558,0.13514,2249,1393
2026-08-12,2026-08-17,5,723.7,724.0,0.127572,0.130136,0.125009,351,417
2026-08-12,2026-08-18,6,723.7,724.0,0.135873,0.139474,0.132272,231,92
2026-08-12,2026-08-19,7,723.7,724.0,0.142678,0.147103,0.138253,327,111
2026-08-12,2026-08-20,8,723.7,724.0,0.148827,0.153664,0.14399,101,52
2026-08-12,2026-08-21,9,723.7,724.0,0.15574,0.162118,0.149362,2033,741
2026-08-12,2026-08-28,16,723.7,724.0,0.17643,0.185463,0.167397,542,230
2026-08-12,2026-08-31,19,723.7,724.0,0.172341,0.181344,0.163338,176,145
2026-08-12,2026-09-04,23,723.7,724.0,0.184075,0.195534,0.172616,183,190
2026-08-12,2026-09-11,30,723.7,724.0,0.184731,0.197594,0.171868,123,52
2026-08-12,2026-09-18,37,723.7,724.0,0.190629,0.204979,0.176278,727,663
2026-08-12,2026-09-25,44,723.7,724.0,0.193337,0.206124,0.18055,23,35
2026-08-12,2026-09-30,49,723.7,724.0,0.193337,0.206307,0.180367,113,121
2026-08-12,2026-10-16,65,723.7,724.0,0.203041,0.219902,0.186181,160,69
2026-08-12,2026-10-30,79,723.7,724.0,0.209786,0.229057,0.190514,82,61
2026-08-12,2026-11-20,100,723.7,725.0,0.216236,0.238739,0.193734,3332,1783
2026-08-12,2026-12-18,128,723.7,725.0,0.221954,0.248222,0.195687,4217,4635
2026-08-12,2026-12-31,141,723.7,725.0,0.225098,0.251167,0.199028,636,1014
2026-08-12,2027-01-15,156,723.7,725.0,0.225929,0.254371,0.197487,6715,2970
2026-08-12,2027-02-19,191,723.7,725.0,0.231403,0.263443,0.199364,205,124
2026-08-12,2027-03-19,219,723.7,725.0,0.235497,0.271232,0.199761,1870,3267
2026-08-12,2027-03-31,231,723.7,725.0,0.241207,0.277916,0.204499,866,400
2026-08-12,2027-06-17,309,723.7,725.0,0.247936,0.293556,0.202317,2097,10763
2026-08-12,2027-06-30,322,723.7,725.0,0.250225,0.292449,0.208,156,106
2026-08-12,2027-09-17,401,723.7,725.0,0.255363,0.303764,0.206963,595,1622
2026-08-12,2027-12-17,492,723.7,725.0,0.256941,0.311229,0.202652,930,1368
2026-08-12,2028-01-21,527,723.7,725.0,0.257242,0.311408,0.203076,176,1038
2026-08-12,2028-06-16,674,723.7,725.0,0.259231,0.320853,0.197609,167,366
2026-08-12,2028-12-15,856,723.7,725.0,0.262993,0.331168,0.194817,238,35
2026-08-13,2026-08-13,0,732.07,732.0,0.0254,0.034922,0.015879,2452,83
2026-08-13,2026-08-14,1,732.07,732.0,0.114023,0.125619,0.102426,6591,149
2026-08-13,2026-08-17,4,732.07,732.0,0.10972,0.118051,0.101388,438,199
2026-08-13,2026-08-18,5,732.07,732.0,0.124459,0.133676,0.115243,240,72
2026-08-13,2026-08-19,6,732.07,732.0,0.134866,0.144235,0.125497,258,127
2026-08-13,2026-08-20,7,732.07,732.0,0.141427,0.150887,0.131967,326,7
2026-08-13,2026-08-21,8,732.07,732.0,0.148827,0.159921,0.137734,3467,50
2026-08-13,2026-08-28,15,732.07,732.0,0.174584,0.186989,0.162179,282,31
2026-08-13,2026-08-31,18,732.07,732.0,0.171319,0.183602,0.159036,393,81
2026-08-13,2026-09-04,22,732.07,732.0,0.185113,0.199746,0.170479,451,5
2026-08-13,2026-09-11,29,732.07,732.0,0.186585,0.202263,0.170907,153,15
2026-08-13,2026-09-18,36,732.07,732.0,0.192704,0.20945,0.175957,426,67
2026-08-13,2026-09-25,43,732.07,732.0,0.210915,0.210915,,22,
2026-08-13,2026-09-30,48,732.07,732.0,0.197892,0.212853,0.182931,604,68
2026-08-13,2026-10-16,64,732.07,732.0,0.206208,0.225075,0.18734,405,45
2026-08-13,2026-10-30,78,732.07,730.0,0.218323,0.243477,0.193169,354,253
2026-08-13,2026-11-20,99,732.07,730.0,0.222237,0.247444,0.19703,2994,675
2026-08-13,2026-12-18,127,732.07,730.0,0.228443,0.258064,0.198822,12250,5062
2026-08-13,2026-12-31,140,732.07,730.0,0.231655,0.260154,0.203156,1310,4245
2026-08-13,2027-01-15,155,732.07,730.0,0.231602,0.261902,0.201302,5224,4501
2026-08-13,2027-02-19,190,732.07,730.0,0.237617,0.271385,0.20385,469,51
2026-08-13,2027-03-19,218,732.07,730.0,0.24303,0.280624,0.205437,11408,2005
2026-08-13,2027-03-31,230,732.07,730.0,0.24638,0.282859,0.2099,567,392
2026-08-13,2027-06-17,308,732.07,730.0,0.255005,0.298744,0.211266,3254,3898
2026-08-13,2027-06-30,321,732.07,730.0,0.254352,0.297592,0.211113,43,26
2026-08-13,2027-09-17,400,732.07,730.0,0.259298,0.308173,0.210423,352,3951
2026-08-13,2027-12-17,491,732.07,730.0,0.261572,0.315128,0.208016,1727,2884
2026-08-13,2028-01-21,526,732.07,730.0,0.259866,0.312633,0.2071,8182,710
2026-08-13,2028-06-16,673,732.07,730.0,0.269155,0.330447,0.207863,406,122
2026-08-13,2028-12-15,855,732.07,730.0,0.272522,0.342437,0.202607,1994,514
2026-08-14,2026-08-14,0,731.07,731.0,0.020518,,0.020518,1771,3323
2026-08-14,2026-08-17,3,731.07,731.0,0.076944,0.073496,0.080392,957,1106
2026-08-14,2026-08-18,4,731.07,731.0,0.098154,0.095956,0.100351,862,508
2026-08-14,2026-08-19,5,731.07,731.0,0.111886,0.111886,,224,
2026-08-14,2026-08-20,6,731.07,731.0,0.122171,0.122171,,367,
2026-08-14,2026-08-21,7,731.07,731.0,0.13305,0.135354,0.130746,1023,626
2026-08-14,2026-08-28,14,731.07,731.0,0.164666,0.170907,0.158425,429,83
2026-08-14,2026-08-31,17,731.07,731.0,0.162377,0.168679,0.156075,326,49
2026-08-14,2026-09-04,21,731.07,731.0,0.177239,0.186776,0.167702,813,62
2026-08-14,2026-09-11,28,731.07,731.0,0.17981,0.190667,0.168954,204,234
2026-08-14,2026-09-18,35,731.07,731.0,0.186455,0.199303,0.173608,398,197
2026-08-14,2026-09-25,42,731.07,731.0,0.201455,0.201455,,240,
2026-08-14,2026-09-30,47,731.07,731.0,0.191369,0.203148,0.179589,253,69
2026-08-14,2026-10-16,63,731.07,731.0,0.201584,0.217232,0.185936,448,91
2026-08-14,2026-10-30,77,731.07,730.0,0.209931,0.228905,0.190957,358,334
2026-08-14,2026-11-20,98,731.07,730.0,0.21666,0.23893,0.19439,3001,882
2026-08-14,2026-12-18,126,731.07,730.0,0.221806,0.247909,0.195702,12236,5124
2026-08-14,2026-12-31,139,731.07,730.0,0.225643,0.251449,0.199837,1308,4258
2026-08-14,2027-01-15,154,731.07,730.0,0.225433,0.254127,0.19674,5254,4564
2026-08-14,2027-02-19,189,731.07,730.0,0.231838,0.263847,0.199829,481,109
2026-08-14,2027-03-19,217,731.07,730.0,0.237999,0.27304,0.202957,11389,2118
2026-08-14,2027-03-31,229,731.07,730.0,0.241913,0.277427,0.206398,544,392
2026-08-14,2027-06-17,307,731.07,730.0,0.250908,0.293868,0.207947,3253,4454
2026-08-14,2027-06-30,320,731.07,730.0,0.250786,0.293907,0.207665,43,26
2026-08-14,2027-09-17,399,731.07,730.0,0.25507,0.30091,0.209229,357,3952
2026-08-14,2027-12-17,490,731.07,730.0,0.259372,0.312003,0.206742,1726,2887
2026-08-14,2028-01-21,525,731.07,730.0,0.259149,0.313155,0.205143,8195,718
2026-08-14,2028-06-16,672,731.07,730.0,0.261879,0.321967,0.20179,406,122
2026-08-14,2028-12-15,854,731.07,730.0,0.264467,0.331733,0.197201,1994,514
2026-08-17,2026-08-17,0,729.87,730.0,0.036875,,0.036875,11199,6046
2026-08-17,2026-08-18,1,729.87,730.0,0.106881,0.100839,0.112924,1499,1851
2026-08-17,2026-08-19,2,729.87,730.0,0.124765,0.121347,0.128183,1427,984
2026-08-17,2026-08-20,3,729.87,730.0,0.137948,0.1363,0.139596,885,1228
2026-08-17,2026-08-21,4,729.87,730.0,0.147012,0.148019,0.146005,34569,8356
2026-08-17,2026-08-24,7,729.87,730.0,0.134057,0.136239,0.131875,291,361
2026-08-17,2026-08-25,8,729.87,730.0,0.139749,0.142465,0.137033,325,164
2026-08-17,2026-08-26,9,729.87,730.0,0.151147,0.154641,0.147653,395,80
2026-08-17,2026-08-27,10,729.87,730.0,0.159844,0.163888,0.155801,165,141
2026-08-17,2026-08-28,11,729.87,730.0,0.168084,0.173745,0.162423,8093,6784
2026-08-17,2026-08-31,14,729.87,730.0,0.163049,0.168954,0.157143,11239,1973
2026-08-17,2026-09-04,18,729.87,730.0,0.179284,0.18821,0.170357,3055,6694
2026-08-17,2026-09-11,25,729.87,730.0,0.180276,0.190865,0.169686,608,291
2026-08-17,2026-09-18,32,729.87,730.0,0.186577,0.198769,0.174386,16793,6704
2026-08-17,2026-09-25,39,729.87,730.0,0.190278,0.200982,0.179574,582,73
2026-08-17,2026-09-30,44,729.87,730.0,0.190949,0.202111,0.179787,3407,2648
2026-08-17,2026-10-02,46,729.87,730.0,0.196556,0.207802,0.185311,40,33
2026-08-17,2026-10-16,60,729.87,730.0,0.20208,0.217537,0.186623,8631,1604
2026-08-17,2026-10-30,74,729.87,730.0,0.209854,0.228035,0.191674,354,380
2026-08-17,2026-11-20,95,729.87,730.0,0.217335,0.238968,0.195702,3028,894
2026-08-17,2026-12-18,123,729.87,730.0,0.223374,0.248863,0.197884,12252,5200
2026-08-17,2026-12-31,136,729.87,730.0,0.22448,0.250305,0.198655,1319,4260
2026-08-17,2027-01-15,151,729.87,730.0,0.226776,0.255188,0.198365,5250,4645
2026-08-17,2027-02-19,186,729.87,730.0,0.232956,0.265175,0.200737,483,129
2026-08-17,2027-03-19,214,729.87,730.0,0.238373,0.273414,0.203331,11421,2206
2026-08-17,2027-03-31,226,729.87,730.0,0.238838,0.273841,0.203835,540,393
2026-08-17,2027-06-17,304,729.87,730.0,0.251034,0.295638,0.206429,3252,4308
2026-08-17,2027-06-30,317,729.87,730.0,0.252308,0.293983,0.210633,46,26
2026-08-17,2027-09-17,396,729.87,730.0,0.257437,0.305938,0.208935,355,3958
2026-08-17,2027-12-17,487,729.87,730.0,0.259601,0.313621,0.205582,1727,2890
2026-08-17,2028-01-21,522,729.87,730.0,0.25939,0.314609,0.204171,8187,717
2026-08-17,2028-06-16,669,729.87,730.0,0.262048,0.323218,0.200879,408,122
2026-08-17,2028-12-15,851,729.87,730.0,0.265157,0.332828,0.197487,2049,513
2026-08-18,2026-08-18,0,717.51,718.0,0.019663,0.010508,0.028818,184,1777
2026-08-18,2026-08-19,1,717.51,718.0,0.129434,0.12684,0.132028,470,1931
2026-08-18,2026-08-20,2,717.51,718.0,0.148324,0.14869,0.147958,93,434
2026-08-18,2026-08-21,3,717.51,717.5,0.163705,0.167367,0.160043,211,455
2026-08-18,2026-08-24,6,717.51,718.0,0.147057,0.151071,0.143044,39,200
2026-08-18,2026-08-25,7,717.51,718.0,0.149606,,0.149606,,63
2026-08-18,2026-08-26,8,717.51,718.0,0.161996,,0.161996,,63
2026-08-18,2026-08-27,9,717.51,718.0,0.170357,,0.170357,,14
2026-08-18,2026-08-28,10,717.51,717.5,0.186364,0.193886,0.178841,67,93
2026-08-18,2026-08-31,13,717.51,718.0,0.178292,0.185494,0.17109,129,436
2026-08-18,2026-09-04,17,717.51,718.0,0.193276,0.203865,0.182686,268,4889
2026-08-18,2026-09-11,24,717.51,718.0,0.192162,0.204079,0.180245,149,570
2026-08-18,2026-09-18,31,717.51,718.0,0.196572,0.210106,0.183037,265,1004
2026-08-18,2026-09-25,38,717.51,718.0,0.198426,0.210091,0.18676,50,70
2026-08-18,2026-09-30,43,717.51,718.0,0.198281,0.210366,0.186196,69,99
2026-08-18,2026-10-02,45,717.51,718.0,0.19117,,0.19117,,1
2026-08-18,2026-10-16,59,717.51,718.0,0.207779,0.224022,0.191536,101,137
2026-08-18,2026-10-30,73,717.51,718.0,0.214539,0.233315,0.195763,80,19
2026-08-18,2026-11-20,94,717.51,720.0,0.219551,0.241539,0.197564,5148,3460
2026-08-18,2026-12-18,122,717.51,720.0,0.224808,0.250572,0.199044,11606,9015
2026-08-18,2026-12-31,135,717.51,720.0,0.226109,0.253013,0.199204,2106,2457
2026-08-18,2027-01-15,150,717.51,720.0,0.227612,0.256164,0.199059,3540,6393
2026-08-18,2027-02-19,185,717.51,720.0,0.233913,0.265869,0.201958,294,362
2026-08-18,2027-03-19,213,717.51,720.0,0.238728,0.27436,0.203095,5373,6582
2026-08-18,2027-03-31,225,717.51,720.0,0.241524,0.278076,0.204972,509,529
2026-08-18,2027-06-17,303,717.51,720.0,0.252243,0.295028,0.209458,4696,4502
2026-08-18,2027-06-30,316,717.51,720.0,0.251579,0.294731,0.208428,113,1290
2026-08-18,2027-09-17,395,717.51,720.0,0.255459,0.304977,0.205941,3926,799
2026-08-18,2027-12-17,486,717.51,720.0,0.257864,0.313434,0.202294,1083,1368
2026-08-18,2028-01-21,521,717.51,720.0,0.260731,0.314452,0.207009,406,6760
2026-08-18,2028-06-16,668,717.51,720.0,0.261768,0.322448,0.201088,440,19
2026-08-18,2028-12-15,850,717.51,720.0,0.263077,0.33166,0.194493,350,755
2026-08-19,2026-08-19,0,716.08,716.0,0.01594,0.013926,0.017954,1208,3056
2026-08-19,2026-08-20,1,716.08,716.0,0.129586,0.130502,0.128671,290,2164
2026-08-19,2026-08-21,2,716.08,716.0,0.149636,0.155221,0.144052,1233,1863
2026-08-19,2026-08-24,5,716.08,716.0,0.134469,0.139779,0.129159,243,545
2026-08-19,2026-08-25,6,716.08,716.0,0.141793,0.147592,0.135995,145,172
2026-08-19,2026-08-26,7,716.08,716.0,0.148751,,0.148751,,67
2026-08-19,2026-08-27,8,716.08,716.0,0.172738,0.172738,,41,
2026-08-19,2026-08-28,9,716.08,716.0,0.176919,0.185677,0.16816,242,385
2026-08-19,2026-08-31,12,716.08,716.0,0.170098,0.178597,0.161599,214,300
2026-08-19,2026-09-04,16,716.08,716.0,0.187279,0.198677,0.175881,262,762
2026-08-19,2026-09-11,23,716.08,716.0,0.186913,0.199715,0.174111,238,219
2026-08-19,2026-09-18,30,716.08,716.0,0.192223,0.20649,0.177956,484,568
2026-08-19,2026-09-25,37,716.08,716.0,0.194176,0.206459,0.181893,38,44
2026-08-19,2026-09-30,42,716.08,716.0,0.194336,0.206841,0.181832,113,76
2026-08-19,2026-10-02,44,716.08,716.0,0.185418,,0.185418,,10
2026-08-19,2026-10-16,58,716.08,716.0,0.204285,0.221016,0.187554,162,11422
2026-08-19,2026-10-30,72,716.08,716.0,0.211396,0.23066,0.192131,116,57
2026-08-19,2026-11-20,93,716.08,715.0,0.218788,0.241402,0.196175,712,1028
2026-08-19,2026-12-18,121,716.08,715.0,0.223862,0.250145,0.197579,5317,2423
2026-08-19,2026-12-31,134,716.08,715.0,0.22485,0.251419,0.198281,1095,987
2026-08-19,2027-01-15,149,716.08,715.0,0.226898,0.255562,0.198235,1511,2256
2026-08-19,2027-02-19,184,716.08,715.0,0.232578,0.265129,0.200028,182,167
2026-08-19,2027-03-19,212,716.08,715.0,0.238163,0.273758,0.202568,17124,2125
2026-08-19,2027-03-31,224,716.08,715.0,0.240829,0.278114,0.203545,786,164
2026-08-19,2027-06-17,302,716.08,715.0,0.251068,0.292777,0.209358,3818,2054
2026-08-19,2027-06-30,315,716.08,715.0,0.253307,0.296188,0.210427,106,1047
2026-08-19,2027-09-17,394,716.08,715.0,0.256559,0.30548,0.207638,435,221
2026-08-19,2027-12-17,485,716.08,715.0,0.2614,0.314159,0.208641,678,929
2026-08-19,2028-01-21,520,716.08,715.0,0.261432,0.315345,0.20752,177,818
2026-08-19,2028-06-16,667,716.08,715.0,0.262504,0.323413,0.201596,260,22
2026-08-19,2028-12-15,849,716.08,715.0,0.265129,0.332709,0.197548,178,555
2026-08-20,2026-08-20,0,710.93,711.0,0.048105,,0.048105,185,6060
2026-08-20,2026-08-21,1,710.93,711.0,0.150247,0.142159,0.158334,810,3750
2026-08-20,2026-08-24,4,710.93,711.0,0.137948,0.135385,0.140512,460,669
2026-08-20,2026-08-25,5,710.93,711.0,0.154672,,0.154672,,105
2026-08-20,2026-08-26,6,710.93,711.0,0.169442,,0.169442,,186
2026-08-20,2026-08-27,7,710.93,711.0,0.179696,,0.179696,,68
2026-08-20,2026-08-28,8,710.93,711.0,0.188729,0.19117,0.186287,565,418
2026-08-20,2026-08-31,11,710.93,711.0,0.180062,0.183053,0.177071,610,315
2026-08-20,2026-09-04,15,710.93,711.0,0.197274,0.203987,0.19056,1135,184
2026-08-20,2026-09-11,22,710.93,711.0,0.196015,0.204689,0.18734,134,185
2026-08-20,2026-09-18,29,710.93,711.0,0.200486,0.211098,0.189873,290,549
2026-08-20,2026-09-25,36,710.93,711.0,0.20224,0.211006,0.193474,68,42
2026-08-20,2026-09-30,41,710.93,711.0,0.202195,0.211464,0.192925,163,66
2026-08-20,2026-10-02,43,710.93,711.0,0.206993,0.217873,0.196114,2,34
2026-08-20,2026-10-16,57,710.93,711.0,0.210564,0.224373,0.196755,70,145
2026-08-20,2026-10-30,71,710.93,711.0,0.2164,0.232994,0.199807,39,12
2026-08-20,2026-11-20,92,710.93,710.0,0.222481,0.243004,0.201958,1588,1398
2026-08-20,2026-12-18,120,710.93,710.0,0.226452,0.250732,0.202172,4297,4888
2026-08-20,2026-12-31,133,710.93,710.0,0.228268,0.254196,0.20234,1783,1747
2026-08-20,2027-01-15,148,710.93,710.0,0.228821,0.256897,0.200745,1431,2392
2026-08-20,2027-02-19,183,710.93,710.0,0.233208,0.264633,0.201783,327,144
2026-08-20,2027-03-19,211,710.93,710.0,0.238579,0.27314,0.204018,2812,1434
2026-08-20,2027-03-31,223,710.93,710.0,0.242123,0.2779,0.206345,301,477
2026-08-20,2027-06-17,301,710.93,710.0,0.248077,0.290809,0.205345,3192,3596
2026-08-20,2027-06-30,314,710.93,710.0,0.25,0.291946,0.208054,128,171
2026-08-20,2027-09-17,393,710.93,710.0,0.255169,0.304481,0.205857,647,856
2026-08-20,2027-12-17,484,710.93,710.0,0.259731,0.312324,0.207138,926,2261
2026-08-20,2028-01-21,519,710.93,710.0,0.259826,0.313644,0.206009,232,403
2026-08-20,2028-06-16,666,710.93,710.0,0.26194,0.322196,0.201683,179,173
2026-08-20,2028-12-15,848,710.93,710.0,0.264721,0.331931,0.19751,239,863
2026-08-21,2026-08-21,0,713.44,713.0,0.019297,,0.019297,5205,5287
2026-08-21,2026-08-24,3,713.44,713.0,0.090768,0.085703,0.095834,1218,792
2026-08-21,2026-08-25,4,713.44,713.0,0.115793,,0.115793,,320
2026-08-21,2026-08-26,5,713.44,713.0,0.138375,,0.138375,,342
2026-08-21,2026-08-27,6,713.44,713.0,0.154244,,0.154244,,316
2026-08-21,2026-08-28,7,713.44,713.0,0.165658,0.167062,0.164254,530,418
2026-08-21,2026-08-31,10,713.44,713.0,0.159707,0.162118,0.157296,382,493
2026-08-21,2026-09-04,14,713.44,713.0,0.180459,0.186837,0.174081,703,260
2026-08-21,2026-09-11,21,713.44,713.0,0.182519,0.191231,0.173806,438,265
2026-08-21,2026-09-18,28,713.44,713.0,0.190339,0.200966,0.179711,1105,1502
2026-08-21,2026-09-25,35,713.44,713.0,0.193459,0.202431,0.184487,379,149
2026-08-21,2026-09-30,40,713.44,713.0,0.193703,0.203209,0.184197,327,101
2026-08-21,2026-10-02,42,713.44,712.0,0.189248,,0.189248,,20
2026-08-21,2026-10-16,56,713.44,713.0,0.203667,0.21772,0.189614,181,208
2026-08-21,2026-10-30,70,713.44,713.0,0.210327,0.22715,0.193505,81,18
2026-08-21,2026-11-20,91,713.44,715.0,0.215241,0.235695,0.194786,800,1292
2026-08-21,2026-12-18,119,713.44,715.0,0.22081,0.245369,0.196251,5441,2801
2026-08-21,2026-12-31,132,713.44,715.0,0.222939,0.247108,0.198769,1106,992
2026-08-21,2027-01-15,147,713.44,715.0,0.223118,0.250175,0.196061,1461,2245
2026-08-21,2027-02-19,182,713.44,715.0,0.22847,0.259689,0.197251,186,178
2026-08-21,2027-03-19,210,713.44,715.0,0.232845,0.267997,0.197693,17096,2123
2026-08-21,2027-03-31,222,713.44,715.0,0.238468,0.27481,0.202126,787,165
2026-08-21,2027-06-17,300,713.44,715.0,0.248398,0.290626,0.206169,3819,2126
2026-08-21,2027-06-30,313,713.44,715.0,0.248878,0.290534,0.207222,106,1044
2026-08-21,2027-09-17,392,713.44,715.0,0.253464,0.301002,0.205925,443,320
2026-08-21,2027-12-17,483,713.44,715.0,0.257923,0.310683,0.205162,677,941
2026-08-21,2028-01-21,518,713.44,715.0,0.25795,0.311507,0.204392,179,819
2026-08-21,2028-06-16,665,713.44,715.0,0.258102,0.318706,0.197499,260,21
2026-08-21,2028-12-15,847,713.44,715.0,0.261707,0.329734,0.19368,181,555
2026-08-24,2026-08-24,0,706.32,706.0,0.023936,0.033457,0.014414,214,2067
2026-08-24,2026-08-25,1,706.32,706.0,0.119516,0.126474,0.112558,33,752
2026-08-24,2026-08-26,2,706.32,706.0,0.152413,0.160043,0.144784,67,251
2026-08-24,2026-08-27,3,706.32,706.0,0.178322,0.186104,0.170541,150,743
2026-08-24,2026-08-28,4,706.32,706.0,0.19059,0.201058,0.180123,524,1142
2026-08-24,2026-08-31,7,706.32,706.0,0.172616,0.181466,0.163766,224,270
2026-08-24,2026-09-01,8,706.32,706.0,0.17788,0.187356,0.168404,301,101
2026-08-24,2026-09-02,9,706.32,706.0,0.18174,0.191475,0.172005,150,63
2026-08-24,2026-09-03,10,706.32,706.0,0.185235,0.195656,0.174813,3,15
2026-08-24,2026-09-04,11,706.32,706.0,0.191658,0.204171,0.179146,321,328
2026-08-24,2026-09-11,18,706.32,706.0,0.18966,0.203316,0.176003,53,289
2026-08-24,2026-09-18,25,706.32,706.0,0.196312,0.211312,0.181313,490,865
2026-08-24,2026-09-25,32,706.32,706.0,0.196755,0.209175,0.184334,11,134
2026-08-24,2026-09-30,37,706.32,706.0,0.195519,0.208138,0.1829,111,153
2026-08-24,2026-10-02,39,706.32,706.0,0.186425,,0.186425,,7
2026-08-24,2026-10-16,53,706.32,706.0,0.202805,0.21975,0.18586,199,292
2026-08-24,2026-10-30,67,706.32,706.0,0.208054,0.227516,0.188591,5,2
2026-08-24,2026-11-20,88,706.32,705.0,0.215737,0.238655,0.192818,556,1647
2026-08-24,2026-12-18,116,706.32,705.0,0.221131,0.248001,0.19426,2766,4077
2026-08-24,2026-12-31,129,706.32,705.0,0.222099,0.249168,0.195031,2134,139
2026-08-24,2027-01-15,144,706.32,705.0,0.224091,0.253334,0.194848,3983,3511
2026-08-24,2027-02-19,179,706.32,705.0,0.22924,0.262497,0.195984,247,246
2026-08-24,2027-03-19,207,706.32,705.0,0.234112,0.270706,0.197518,1289,2345
2026-08-24,2027-03-31,219,706.32,705.0,0.234509,0.270668,0.198349,386,1764
2026-08-24,2027-06-17,297,706.32,705.0,0.247986,0.293434,0.202538,1903,5881
2026-08-24,2027-06-30,310,706.32,705.0,0.247082,0.290412,0.203751,991,259
2026-08-24,2027-09-17,389,706.32,705.0,0.253963,0.303634,0.204293,321,426
2026-08-24,2027-12-17,480,706.32,705.0,0.258732,0.312774,0.204689,234,177
2026-08-24,2028-01-21,515,706.32,705.0,0.25884,0.313392,0.204289,99,640
2026-08-24,2028-06-16,662,706.32,705.0,0.259186,0.32083,0.197541,215,164
2026-08-24,2028-12-15,844,706.32,705.0,0.263019,0.332152,0.193886,127,457
2026-08-25,2026-08-25,0,710.72,711.0,0.021616,0.021616,,3078,1185
2026-08-25,2026-08-26,1,710.72,711.0,0.133035,0.141854,0.124215,2731,940
2026-08-25,2026-08-27,2,710.72,711.0,0.164254,0.172982,0.155526,1013,738
2026-08-25,2026-08-28,3,710.72,711.0,0.179665,0.190621,0.168709,1643,1038
2026-08-25,2026-08-31,6,710.72,711.0,0.161279,0.170815,0.151742,748,344
2026-08-25,2026-09-01,7,710.72,711.0,0.166238,0.175973,0.156503,313,86
2026-08-25,2026-09-02,8,710.72,711.0,0.170754,0.180733,0.160775,56,47
2026-08-25,2026-09-03,9,710.72,711.0,0.174889,0.185311,0.164468,138,128
2026-08-25,2026-09-04,10,710.72,711.0,0.181771,0.193734,0.169808,1257,562
2026-08-25,2026-09-11,17,710.72,711.0,0.180535,0.194008,0.167062,172,226
2026-08-25,2026-09-18,24,710.72,711.0,0.187768,0.20237,0.173165,1158,699
2026-08-25,2026-09-25,31,710.72,711.0,0.18937,0.201485,0.177254,189,206
2026-08-25,2026-09-30,36,710.72,711.0,0.188088,0.20057,0.175606,193,1609
2026-08-25,2026-10-02,38,710.72,711.0,0.193337,0.207009,0.179665,79,49
2026-08-25,2026-10-16,52,710.72,711.0,0.197373,0.214134,0.180611,534,716
2026-08-25,2026-10-30,66,710.72,711.0,0.203766,0.223076,0.184456,49,25
2026-08-25,2026-11-20,87,710.72,710.0,0.211876,0.234627,0.189126,2680,6331
2026-08-25,2026-12-18,115,710.72,710.0,0.217842,0.244362,0.191323,4301,9041
2026-08-25,2026-12-31,128,710.72,710.0,0.219509,0.246292,0.192727,1787,1753
2026-08-25,2027-01-15,143,710.72,710.0,0.221531,0.25029,0.192772,1511,2176
2026-08-25,2027-02-19,178,710.72,710.0,0.227333,0.259926,0.194741,444,300
2026-08-25,2027-03-19,206,710.72,710.0,0.232613,0.268341,0.196885,2827,1477
2026-08-25,2027-03-31,218,710.72,710.0,0.235622,0.272697,0.198548,303,479
2026-08-25,2027-06-17,296,710.72,710.0,0.244545,0.287513,0.201577,3258,3619
2026-08-25,2027-06-30,309,710.72,710.0,0.246151,0.289337,0.202965,134,184
2026-08-25,2027-09-17,388,710.72,710.0,0.25391,0.302589,0.205231,658,882
2026-08-25,2027-12-17,479,710.72,710.0,0.257427,0.310317,0.204537,925,2262
2026-08-25,2028-01-21,514,710.72,710.0,0.258119,0.312507,0.203732,240,803
2026-08-25,2028-06-16,661,710.72,710.0,0.259643,0.321059,0.198227,179,173
2026-08-25,2028-12-15,843,710.72,710.0,0.263773,0.332019,0.195527,249,865
2026-08-26,2026-08-27,1,711.37,711.0,0.239143,0.291023,0.187264,3618,1490
2026-08-26,2026-08-28,2,711.37,711.0,0.225319,0.267219,0.183419,2058,1237
2026-08-26,2026-08-31,5,711.37,711.0,0.180031,0.208504,0.151559,973,373
2026-08-26,2026-09-01,6,711.37,711.0,0.183022,0.209542,0.156503,377,200
2026-08-26,2026-09-02,7,711.37,711.0,0.183968,0.209542,0.158395,108,72
2026-08-26,2026-09-03,8,711.37,711.0,0.186623,0.211495,0.161752,186,170
2026-08-26,2026-09-04,9,711.37,711.0,0.191323,0.218025,0.16462,1345,1522
2026-08-26,2026-09-11,16,711.37,711.0,0.184334,0.208473,0.160195,275,226
2026-08-26,2026-09-18,23,711.37,711.0,0.189202,0.212776,0.165627,1199,774
2026-08-26,2026-09-25,30,711.37,711.0,0.191002,0.210518,0.171487,177,336
2026-08-26,2026-09-30,35,711.37,711.0,0.189354,0.208565,0.170144,263,1679
2026-08-26,2026-10-02,37,711.37,711.0,0.201722,0.228096,0.175347,103,67
2026-08-26,2026-10-16,51,711.37,711.0,0.198334,0.220421,0.176247,554,721
2026-08-26,2026-10-30,65,711.37,711.0,0.205361,0.229515,0.181206,64,21
2026-08-26,2026-11-20,86,711.37,710.0,0.213402,0.240303,0.186501,2688,6561
2026-08-26,2026-12-18,114,711.37,710.0,0.219368,0.249367,0.18937,4345,9059
2026-08-26,2026-12-31,127,711.37,710.0,0.221588,0.251716,0.19146,1800,1755
2026-08-26,2027-01-15,142,711.37,710.0,0.222916,0.25518,0.190651,1627,2283
2026-08-26,2027-02-19,177,711.37,710.0,0.228726,0.264236,0.193215,438,501
2026-08-26,2027-03-19,205,711.37,710.0,0.234482,0.273086,0.195877,2835,1480
2026-08-26,2027-03-31,217,711.37,710.0,0.240559,0.277977,0.203141,304,479
2026-08-26,2027-06-17,295,711.37,710.0,0.250393,0.296165,0.204621,3260,3643
2026-08-26,2027-06-30,308,711.37,710.0,0.251221,0.297668,0.204773,134,184
2026-08-26,2027-09-17,387,711.37,710.0,0.256519,0.30709,0.205948,663,1384
2026-08-26,2027-12-17,478,711.37,710.0,0.25515,0.308799,0.2015,925,2262
2026-08-26,2028-01-21,513,711.37,710.0,0.257751,0.313499,0.202004,260,815
2026-08-26,2028-06-16,660,711.37,710.0,0.259926,0.323207,0.196644,181,174
2026-08-26,2028-12-15,842,711.37,710.0,0.263393,0.333877,0.19291,249,1802
2026-08-28,2026-08-31,3,716.43,716.0,0.095132,0.093393,0.096872,1548,1206
2026-08-28,2026-09-01,4,716.43,716.0,0.115854,0.11567,0.116037,518,335
2026-08-28,2026-09-02,5,716.43,716.0,0.128945,0.129525,0.128366,131,129
2026-08-28,2026-09-03,6,716.43,716.0,0.138864,0.140328,0.137399,392,226
2026-08-28,2026-09-04,7,716.43,716.0,0.148919,0.154214,0.143624,485,955
2026-08-28,2026-09-11,14,716.43,716.0,0.153924,0.161599,0.146249,403,322
2026-08-28,2026-09-18,21,716.43,716.0,0.167702,0.177743,0.157662,683,571
2026-08-28,2026-09-25,28,716.43,716.0,0.171471,0.179085,0.163857,121,122
2026-08-28,2026-09-30,33,716.43,716.0,0.171464,0.179864,0.163064,228,204
2026-08-28,2026-10-02,35,716.43,716.0,0.177163,0.186623,0.167702,44,35
2026-08-28,2026-10-16,49,716.43,716.0,0.183037,0.196419,0.169656,599,11895
2026-08-28,2026-10-30,63,716.43,716.0,0.191826,0.208382,0.175271,132,62
2026-08-28,2026-11-20,84,716.43,715.0,0.201645,0.221977,0.181313,1381,2637
2026-08-28,2026-12-18,112,716.43,715.0,0.208542,0.233147,0.183938,5592,2895
2026-08-28,2026-12-31,125,716.43,715.0,0.21119,0.236214,0.186165,1188,1004
2026-08-28,2027-01-15,140,716.43,715.0,0.212738,0.240265,0.185212,1513,2125
2026-08-28,2027-02-19,175,716.43,715.0,0.219952,0.251221,0.188683,193,258
2026-08-28,2027-03-19,203,716.43,715.0,0.22567,0.260834,0.190506,17088,2368
2026-08-28,2027-03-31,215,716.43,715.0,0.230232,0.266151,0.194313,786,170
2026-08-28,2027-06-17,293,716.43,715.0,0.240974,0.286125,0.195824,3800,2173
2026-08-28,2027-06-30,306,716.43,715.0,0.240337,0.283058,0.197617,106,1044
2026-08-28,2027-09-17,385,716.43,715.0,0.249206,0.298698,0.199715,449,520
2026-08-28,2027-12-17,476,716.43,715.0,0.25453,0.308563,0.200497,675,941
2026-08-28,2028-01-21,511,716.43,715.0,0.254173,0.308776,0.19957,210,853
2026-08-28,2028-06-16,658,716.43,715.0,0.255819,0.318637,0.193001,254,23
2026-08-28,2028-12-15,840,716.43,715.0,0.259462,0.329417,0.189507,181,581
2026-08-31,2026-09-01,1,716.76,717.0,0.150521,0.158212,0.142831,1502,1746
2026-08-31,2026-09-02,2,716.76,717.0,0.149423,0.156747,0.142098,508,1107
2026-08-31,2026-09-03,3,716.76,717.0,0.156533,0.163461,0.149606,252,340
2026-08-31,2026-09-04,4,716.76,717.0,0.164132,0.174325,0.153939,1301,1251
2026-08-31,2026-09-08,8,716.76,717.0,0.138024,0.146615,0.129434,69,45
2026-08-31,2026-09-09,9,716.76,717.0,0.142388,0.151162,0.133615,73,44
2026-08-31,2026-09-10,10,716.76,717.0,0.147012,0.156289,0.137734,138,45
2026-08-31,2026-09-11,11,716.76,717.0,0.155587,0.166543,0.144631,331,637
2026-08-31,2026-09-18,18,716.76,717.0,0.167214,0.179635,0.154794,3752,1145
2026-08-31,2026-09-25,25,716.76,717.0,0.168549,0.177804,0.159295,362,391
2026-08-31,2026-09-30,30,716.76,717.0,0.167413,0.177193,0.157632,284,350
2026-08-31,2026-10-02,32,716.76,717.0,0.173554,0.185158,0.16195,86,73
2026-08-31,2026-10-09,39,716.76,717.0,0.175454,0.188897,0.162011,121,85
2026-08-31,2026-10-16,46,716.76,717.0,0.17875,0.193535,0.163964,268,1580
2026-08-31,2026-10-30,60,716.76,717.0,0.187447,0.205269,0.169625,164,120
2026-08-31,2026-11-20,81,716.76,715.0,0.19809,0.219689,0.176491,1436,3346
2026-08-31,2026-11-30,91,716.76,717.0,0.19616,0.218605,0.173714,38,7
2026-08-31,2026-12-18,109,716.76,715.0,0.205487,0.231094,0.179879,5596,2953
2026-08-31,2026-12-31,122,716.76,715.0,0.206395,0.232689,0.1801,1188,1006
2026-08-31,2027-01-15,137,716.76,715.0,0.209122,0.237053,0.181191,1358,2126
2026-08-31,2027-02-19,172,716.76,715.0,0.215893,0.24855,0.183236,194,262
2026-08-31,2027-03-19,200,716.76,715.0,0.222496,0.258507,0.186486,17191,2391
2026-08-31,2027-03-31,212,716.76,715.0,0.222775,0.258743,0.186806,785,170
2026-08-31,2027-06-17,290,716.76,715.0,0.237671,0.282127,0.193215,3800,2185
2026-08-31,2027-06-30,303,716.76,715.0,0.238758,0.283554,0.193963,112,1050
2026-08-31,2027-09-17,382,716.76,715.0,0.245447,0.296249,0.194645,452,540
2026-08-31,2027-12-17,473,716.76,715.0,0.251713,0.306419,0.197007,675,941
2026-08-31,2028-01-21,508,716.76,715.0,0.253361,0.309112,0.197609,197,854
2026-08-31,2028-06-16,655,716.76,715.0,0.253685,0.316177,0.191193,266,22
2026-08-31,2028-12-15,837,716.76,715.0,0.256319,0.325957,0.18668,181,581
2026-09-01,2026-09-01,0,707.64,708.0,0.020457,0.027353,0.01356,637,11060
2026-09-01,2026-09-02,1,707.64,708.0,0.127328,0.133798,0.120858,215,598
2026-09-01,2026-09-03,2,707.64,708.0,0.148324,0.156136,0.140512,117,482
2026-09-01,2026-09-04,3,707.64,708.0,0.163827,0.174447,0.153207,757,2038
2026-09-01,2026-09-08,7,707.64,708.0,0.145516,0.154488,0.136544,242,244
2026-09-01,2026-09-09,8,707.64,708.0,0.1522,0.161446,0.142953,1,24
2026-09-01,2026-09-10,9,707.64,708.0,0.148904,,0.148904,,45
2026-09-01,2026-09-11,10,707.64,708.0,0.167458,0.178048,0.156869,207,442
2026-09-01,2026-09-18,17,707.64,708.0,0.181725,0.194375,0.169076,741,713
2026-09-01,2026-09-25,24,707.64,708.0,0.182206,0.191582,0.172829,315,433
2026-09-01,2026-09-30,29,707.64,708.0,0.180855,0.190835,0.170876,302,234
2026-09-01,2026-10-02,31,707.64,708.0,0.186715,0.198281,0.175149,202,76
2026-09-01,2026-10-09,38,707.64,708.0,0.186692,0.200203,0.17318,4,18
2026-09-01,2026-10-16,45,707.64,708.0,0.188965,0.203987,0.173943,702,1347
2026-09-01,2026-10-30,59,707.64,708.0,0.195702,0.213661,0.177743,123,1045
2026-09-01,2026-11-20,80,707.64,710.0,0.201252,0.222588,0.179917,2700,6853
2026-09-01,2026-11-30,90,707.64,708.0,0.202149,0.224602,0.179696,1,60
2026-09-01,2026-12-18,108,707.64,710.0,0.207367,0.232979,0.181756,4220,9408
2026-09-01,2026-12-31,121,707.64,710.0,0.209374,0.235603,0.183144,1799,1757
2026-09-01,2027-01-15,136,707.64,710.0,0.210892,0.239052,0.182732,1662,2222
2026-09-01,2027-02-19,171,707.64,710.0,0.217171,0.249458,0.184884,451,516
2026-09-01,2027-03-19,199,707.64,710.0,0.222881,0.258484,0.187279,2810,1569
2026-09-01,2027-03-31,211,707.64,710.0,0.227799,0.263786,0.191811,300,484
2026-09-01,2027-06-17,289,707.64,710.0,0.238499,0.284141,0.192856,3262,3666
2026-09-01,2027-06-30,302,707.64,710.0,0.239166,0.282753,0.19558,116,184
2026-09-01,2027-09-17,381,707.64,710.0,0.247024,0.297187,0.196862,668,1481
2026-09-01,2027-12-17,472,707.64,710.0,0.24822,0.303253,0.193188,925,2262
2026-09-01,2028-01-21,507,707.64,710.0,0.249075,0.304786,0.193364,252,822
2026-09-01,2028-06-16,654,707.64,710.0,0.253555,0.316833,0.190278,378,174
2026-09-01,2028-12-15,836,707.64,710.0,0.256527,0.327006,0.186047,263,1795
2026-09-02,2026-09-02,0,709.24,709.0,0.071604,0.096323,0.046885,3692,1717
2026-09-02,2026-09-03,1,709.24,709.0,0.128396,0.132699,0.124093,900,1183
2026-09-02,2026-09-04,2,709.24,709.0,0.148904,0.159005,0.138803,1636,1431
2026-09-02,2026-09-08,6,709.24,709.0,0.13334,0.144418,0.122262,356,332
2026-09-02,2026-09-09,7,709.24,709.0,0.164147,0.197457,0.130838,176,96
2026-09-02,2026-09-10,8,709.24,709.0,0.137765,,0.137765,,111
2026-09-02,2026-09-11,9,709.24,709.0,0.171807,0.19645,0.147164,332,468
2026-09-02,2026-09-18,16,709.24,709.0,0.176812,0.191292,0.162331,879,562
2026-09-02,2026-09-25,23,709.24,709.0,0.177697,0.187447,0.167947,269,263
2026-09-02,2026-09-30,28,709.24,709.0,0.186188,0.205666,0.166711,308,1482
2026-09-02,2026-10-02,30,709.24,709.0,0.194527,0.193459,0.195595,170,155
2026-09-02,2026-10-09,37,709.24,709.0,0.189492,,0.189492,,81
2026-09-02,2026-10-16,44,709.24,709.0,0.195244,0.218971,0.171517,769,1112
2026-09-02,2026-10-30,58,709.24,709.0,0.198838,0.221581,0.176095,116,51
2026-09-02,2026-11-20,79,709.24,710.0,0.200386,0.221855,0.178918,2718,6931
2026-09-02,2026-11-30,89,709.24,709.0,0.211525,0.235634,0.187417,16,79
2026-09-02,2026-12-18,107,709.24,710.0,0.2099,0.239464,0.180337,4332,9437
2026-09-02,2026-12-31,120,709.24,710.0,0.211918,0.243996,0.179841,1786,1763
2026-09-02,2027-01-15,135,709.24,710.0,0.212677,0.245399,0.179955,1692,2760
2026-09-02,2027-02-19,170,709.24,710.0,0.218052,0.255073,0.181031,452,515
2026-09-02,2027-03-19,198,709.24,710.0,0.222538,0.262863,0.182213,2813,1571
2026-09-02,2027-03-31,210,709.24,710.0,0.227093,0.262275,0.19191,299,485
2026-09-02,2027-06-17,288,709.24,710.0,0.231861,0.277092,0.186631,3262,3671
2026-09-02,2027-06-30,301,709.24,710.0,0.237396,0.279785,0.195008,120,184
2026-09-02,2027-09-17,380,709.24,710.0,0.24003,0.290962,0.189099,689,1493
2026-09-02,2027-12-17,471,709.24,710.0,0.245541,0.29914,0.191941,926,2262
2026-09-02,2028-01-21,506,709.24,710.0,0.244503,0.29927,0.189736,254,836
2026-09-02,2028-06-16,653,709.24,710.0,0.248781,0.311862,0.1857,384,174
2026-09-02,2028-12-15,835,709.24,710.0,0.252226,0.322501,0.18195,269,1795
